0,total % CD3 d0
1,total % CD4+ d0
2,total % CD8+ d0
3,CD4:CD8 d0
4,total % DN d0
5,total % CD4+ d6
6,total % CD8+ d6
7,CD4:CD8 d6
8,%CD8+ MAIT d0
9,%DN MAIT d0
10,DN % RO+ CD27+ d0
11,DN % RO- CD27+ d0
12,DN % RO- CD27- d0
13,DN % RO+ CD27- d0
14,%CD8+ CD161+ Va7.2- d0
15,%DN CD161+ Va7.2- d0
16,%CD4+ MAIT d0
17,% CD4+ CD161+ Va7.2- d0
18,CD8+ MAIT % RO+ CD27+ d0
19,CD8+ MAIT % RO- CD27+ d0
20,CD8+ MAIT % RO- CD27- d0
21,CD8+ MAIT % RO+ CD27- d0
22,CD8+ % RO+ CD27+ d0
23,CD8+ % RO- CD27+ d0
24,CD8+ % RO- CD27- d0
25,CD8+ % RO+ CD27- d0
26,CD8+ DN+ MAIT % RO+ CD27+ d0
27,CD8+ DN+ MAIT % RO- CD27+ d0
28,CD8+ DN+ MAIT % RO- CD27- d0
29,CD8+ DN+ MAIT % RO+ CD27- d0
30,NK Cells (% CD3- 2B4+)
31,NK % CD56hi CD16-
32,NK % CD56lo CD16-
33,NK % CD56+ CD16+
34,CD3+ gdTCR+ CD3hi
35,CD3+ gdTCR+ CD3lo
36,Total gd Cells (gdTCR CD3hi + CD3lo)
37,% viable CD3+ d6
38,% viable CD3+ of total CD3+
39,viable CD8+ MAIT d6
40,viable total CD8+ d6
41,% CD4+ RO+ CD161+ d6
42,% CD4+ RO+ d6
43,% CD4+ RO+ CCR6+ d6
44,% CD4+ RO+ CCR6- d6
45,% CD4+ MAIT d6
46,% CD4+ CD161+ Va7.2- d6
47,% CD4+ RO+ CD161+ IL-17+ INFg+ d6
48,% CD4+ RO+ CD161+ IL-17+ INFg- d6
49,% CD4+ RO+ CD161+ IL-17- INFg+ d6
50,% CD4+ RO+ CD161+ total IL-17+ d6
51,% CD4+ RO+ CD161- IL-17+ INFg+ d6
52,% CD4+ RO+ CD161- IL-17+ INFg- d6
53,% CD4+ RO+ CD161- IL-17- INFg+ d6
54,% CD4+ RO+ CD161- total IL-17+ d6
55,% CD4+ RO+ CCR6+ IL-17+ INFg+ d6
56,% CD4+ RO+ CCR6+ IL-17+ INFg- d6
57,% CD4+ RO+ CCR6+ IL-17- INFg+ d6
58,% CD4+ RO+ CCR6+ total IL-17+  d6
59,% CD4+ RO+ CCR6+ total INFg+ d6
60,% CD4+ RO+ CCR6- IL-17+ INFg+ d6
61,% CD4+ RO+ CCR6- IL-17+ INFg- d6
62,% CD4+ RO+ CCR6- IL-17- INFg+ d6
63,% CD4+ RO+ CCR6- total IL-17+ d6
64,% CD4+ RO+ CCR6- total INFg+ d6
65,% CD4+ RO+ IL-17+ INFg+ d6
66,% CD4+ RO+ IL-17+ INFg- d6
67,% CD4+ RO+ IL-17- INFg+ d6
68,% CD4+ RO+ total IL-17+ d6
69,% CD4+ RO+ total INFg+ d6
70,% CD4+ IL-17+ IL-22+ d6
71,% CD4+ IL-17+ IL-22- d6
72,% CD4+ IL-17- IL-22+ d6
73,% CD4+ INFg+ TNFa+ d6
74,% CD4+ INFg- TNFa+ d6
75,% CD4+ INFg+ TNFa- d6
76,% CD4+ RO+ CCR6+ CD161+ d6
77,% CD4+ RO+ CCR6+ CD161- d6
78,% CD4+ RO+ CCR6+ CD161+ IL-17+ INFg+ d6
79,% CD4+ RO+ CCR6+ CD161+ IL-17+ INFg- d6
80,% CD4+ RO+ CCR6+ CD161+ IL-17- INFg+ d6
81,% CD4+ RO+ CCR6+ CD161+ total IL-17+ d6
82,% CD4+ RO+ CCR6+ CD161- IL-17+ INFg+ d6
83,% CD4+ RO+ CCR6+ CD161- IL-17+ INFg- d6
84,% CD4+ RO+ CCR6+ CD161- IL-17- INFg+ d6
85,% CD4+ RO+ CCR6+ CD161- total IL-17+ d6
86,% DN d6
87,% DN MAIT d6
88,% DN CD161+ Va7.2- d6
89,% CD8+ and DN
90,% CD8+ and DN MAIT
91,% DN in total MAIT d6
92,% CD8+ in total MAIT d6
93,%CD8+ MAIT d6
94,% CD8+ IL-17+ INFg+ d6
95,% CD8+ IL-17+ INFg- d6
96,% CD8+ IL-17- INFg+ d6
97,% CD8+ total IL-17+ d6
98,% CD8+ total INFg+ d6
99,% CD8+ IL-17+ IL-22+ d6
100,% CD8+ IL-17+ IL-22- d6
101,% CD8+ IL-17- IL-22+ d6
102,% CD8+ MAIT IL-17+ INFg+ d6
103,% CD8+ MAIT IL-17+ INFg- d6
104,% CD8+ MAIT IL-17- INFg+ d6
105,% CD8+ MAIT total IL-17+ d6
106,% CD8+ MAIT total INFg+ d6
107,% CD8+ MAIT INFg+ TNFa+ d6
108,% CD8+ MAIT INFg- TNFa+ d6
109,% CD8+ MAIT INFg+ TNFa- d6
110,% CD8+ MAIT total TNFa+ d6
111,%CD8+ CD161+ Va7.2- d6
112,% CD8+ RO+ Va7.2- INFg+ TNFa+ d6
113,% CD8+ RO+ Va7.2- INFg- TNFa+ d6
114,% CD8+ RO+ Va7.2- INFg+ TNFa- d6
115,% CD8+ RO+ Va7.2- total INFg+ d6
116,% CD8+ RO+ Va7.2- total TNFa+ d6
117,% CD8+ RO- Va7.2- INFg+ TNFa+ d6
118,% CD8+ RO- Va7.2- INFg- TNFa+ d6
119,% CD8+ RO- Va7.2- INFg+ TNFa- d6
120,% CD8+ RO- Va7.2- total INFg+ d6
121,% CD8+ RO- Va7.2- total TNFa+ d6
122,% DR+ CD3- d0
123,% CD4+ RO- CD27- (TEMRA) d0
124,% CD4+ RO+ CD27+ (TCM) d0
125,% CD4+  RO- CD27+ (TN) d0
126,% CD4+ RO+ CD27- (TEM) d0
127,% CD4+ RO+ CCR7+ d0
128,% CD4+ RO- CCR7+ d0
129,% CD4+ RO+ CCR7- d0
130,% CD4+ RO- CCR7- d0
131,% CD4+ CCR7+ RO- CD31+ CXCR3+ d0
132,% CD4+ CCR7+ RO- CD31- CXCR3+ d0
133,% CD4+ CCR7+ RO- CD31+ CXCR3- d0
134,% CD4+ CCR7+ RO- CXCR5+ d0
135,% CD4+ CCR7+ RO- CCR4+ d0
136,% CD4+ M CCR4+ CXCR3+ d0
137,% CD4+ M CCR4- CXCR3+ d0
138,% CD4+ M CCR4+ CXCR3- d0
139,% CD4+ M total CXCR3+ d0
140,% CD4+ M total CCR4+ d0
141,% CD4+ M CCR6+ CXCR3+ d0
142,% CD4+ M CCR6- CXCR3+ d0
143,% CD4+ M CCR6+ CXCR3- d0
144,% CD4+ M total CCR6+ d0
145,% CD4+ M CXCR5+ CCR7+ d0
146,% CD4+ M CXCR5- CCR7+ d0
147,% CD4+ M CXCR5+ CCR7- d0
148,% CD4+ M CD25+ CD27+ d0
149,% CD4+ M CD25- CD27+ d0
150,% CD4+ M CD25+ CD27- d0
151,% CD4+ RO+ d0
152,% CD4+ RO+ CCR6+ d0
153,CD4+ CCR6+ as % of RO+
154,% CD8+ RO- CD27- d0
155,% CD8+ RO+ CD27+ d0
156,% CD8+ RO- CD27+ d0
157,% CD8+ RO+ CD27- d0
158,% CD8+ RO+ CCR7+ d0
159,% CD8+ RO- CCR7+ d0
160,% CD8+ RO+ CCR7- d0
161,% CD8+ RO- CCR7- d0
162,% CD8+ RO+ CD31+ CD27+ d0
163,% CD8+ RO+ CD31- CD27+ d0
164,% CD8+ RO+ CD31+ CD27- d0
165,% CD8+ M CCR4+ CXCR3+ d0
166,% CD8+ M CCR4- CXCR3+ d0
167,% CD8+ M CCR4+ CXCR3- d0
168,% CD8+ M CCR6+ CXCR3+ d0
169,% CD8+ M CCR6- CXCR3+ d0
170,% CD8+ M CCR6+ CXCR3- d0
171,% CD8+ M total CCR4+ d0
172,% CD8+ M total CXCR3+ d0
173,% CD8+ M total CCR6+ d0
174,% CD8+ M CCR7+ CXCR5+ d0
175,% CD8+ M CCR7- CXCR5+ d0
176,% CD8+ M CCR7+ CXCR5- d0
177,% CD4+ N Treg (FOXP3+ HELIOS+) d1
178,% CD4+ N FOXP3+ d1
179,% CD4+ M Treg (FOXP3+ HELIOS+) d1
180,% CD4+ M FOXP3+ d1
181,% CD4+ RO+ CCR6+ d1
182,% CD4+ RO+ CCR6+ INFg+ IL-17+ d1
183,% CD4+ RO+ CCR6+ INFg- IL-17+ d1
184,% CD4+ RO+ CCR6+ INFg+ IL-17- d1
185,% CD4+ RO+ CCR6+ total IL-17+ d1
186,% CD4+ RO+ CCR6+ total INFg+ d1
187,% CD4+ RO+ CCR6+ IL-22+ IL-17+ d1
188,% CD4+ RO+ CCR6+ IL-22- IL-17+ d1
189,% CD4+ RO+ CCR6+ IL-22+ IL-17- d1
190,% CD4+ RO+ CCR6+ INFg+ IL4+ d1
191,% CD4+ RO+ CCR6+ INFg- IL4+ d1
192,% CD4+ RO+ CCR6+ INFg+ IL4- d1
193,% CD4+ RO+ CCR6- INFg+ TNFa+ d1
194,% CD4+ RO+ CCR6- INFg- TNFa+ d1
195,% CD4+ RO+ CCR6- INFg+ TNFa- d1
196,% CD4+ RO+ CCR6- total INFg+ d1
197,% CD4+ RO+ INFg+ IL-17+ d1
198,% CD4+ RO+ INFg- IL-17+ d1
199,% CD4+ RO+ INFg+ IL-17- d1
200,% CD4+ RO+ total IL-17+ d1
201,% CD4+ RO+ total INFg+ d1 P8
202,% CD4+ RO+ INFg+ TNFa+ d1
203,% CD4+ RO+ INFg- TNFa+ d1
204,% CD4+ RO+ INFg+ TNFa- d1
205,% CD4+ RO+ total TNFa+ d1
206,% CD4+ RO+ INFg+ IL4+ d1
207,% CD4+ RO+ INFg- IL4+ d1
208,% CD4+ RO+ INFg+ IL4- d1
209,% CD4+ RO+ IL-22+ IL-17+ d1
210,% CD4+ RO+ IL-22- IL-17+ d1
211,% CD4+ RO+ IL-22+ IL-17- d1
212,% CD4+ RO+ INFg+ GMCSF+ d1
213,% CD4+ RO+ INFg- GMCSF+ d1
214,% CD4+ RO+ INFg+ GMCSF- d1
215,% CD4+ RO+ FOXP3+ INFg- d1
216,% CD4+ RO+ FOXP3+ INFg- TNFa+ IL-17+ d1
217,% CD4+ RO+ FOXP3+ INFg- TNFa- IL-17+ d1
218,% CD4+ RO+ FOXP3+ INFg- TNFa+ IL-17- d1
219,% CD8+ INFg+ IL4+ d1
220,% CD8+ INFg- IL4+ d1
221,% CD8+ INFg+ IL4- d1
222,% CD8+ INFg+ TNFa+ d1 P8
223,% CD8+ INFg- TNFa+ d1 P8
224,% CD8+ INFg+ TNFa- d1 P8
225,% CD8+ total INFg+ d1 P8
226,% CD8+ total TNFa+ d1
227,% CD8+ RO+ CCR6+ d1
228,% CD8+ RO+ CCR6+ IL-17+ INFg+ d1
229,% CD8+ RO+ CCR6+ IL-17+ INFg- d1
230,% CD8+ RO+ CCR6+ IL-17- INFg+ d1
231,% CD8+ RO+ CCR6+ IL4- GMCSF+ d1
232,% CD8+ RO+ CCR6- INFg+ TNFa+ d1
233,% CD8+ RO+ CCR6- INFg- TNFa+ d1
234,% CD8+ RO+ CCR6- INFg+ TNFa- d1
235,% CD8+ RO+ CCR6- total INFg+ d1
236,% CD8+ RO+ CCR6- total TNFa+ d1
237,% CD8+ RO+ CCR6- IL4- GMCSF+ d1
238,% CD8+ RO+ CCR6- IL4+ GMCSF- d1
239,% CD8+ RO- CCR6- INFg+ TNFa+ d1
240,% CD8+ RO- CCR6- INFg- TNFa+ d1
241,% CD8+ RO- CCR6- INFg+ TNFa- d1
242,% CD8+ RO- CCR6- total INFg+ d1
243,% CD8+ RO- CCR6- total TNFa+ d1
244,% CD8+ RO- CCR6- IL4+ GMCSF+ d1
245,% CD8+ RO- CCR6- IL4- GMCSF+ d1
246,% CD8+ RO- CCR6- IL4+ GMCSF- d1
247,% DN RO+ CCR6+ d1
248,% DN RO+ CCR6- INFg+ TNFa+ d1
249,% DN RO+ CCR6- INFg- TNFa+ d1
250,% DN RO+ CCR6- INFg+ TNFa- d1
251,% DN RO+ CCR6- total INFg+ d1
252,% DN RO- CCR6- INFg+ TNFa+ d1
253,% DN RO- CCR6- INFg- TNFa+ d1
254,% DN RO- CCR6- INFg+ TNFa- d1
255,% DN RO- CCR6- total INFg+ d1
256,% DN RO- CCR6- total TNFa+ d1
257,% CD8+ total INFg+ d1 P13
258,% CD8+ non-MAIT total INFg+ d1
259,% CD8+ MAIT d1
260,% CD8+ MAIT INFg+ TNFa+ d1
261,% CD8+ MAIT INFg- TNFa+ d1
262,% CD8+ MAIT INFg+ TNFa- d1
263,% CD8+ MAIT total INFg+ d1
264,% CD8+ MAIT total Granzyme+ d1
265,% CD8+ MAIT INFg+ GzA+ d1
266,% CD8+ MAIT INFg- GzA+ d1
267,% CD8+ MAIT INFg+ GzA- d1
268,% CD8+ nonMAIT INFg+ TNFa+ d1
269,% CD8+ nonMAIT INFg- TNFa+ d1
270,% CD8+ nonMAIT INFg+ TNFa- d1
271,% CD8+ nonMAIT INFg+ GzA+ d1
272,% CD8+ nonMAIT INFg- GzA+ d1
273,% CD8+ nonMAIT INFg+ GzA- d1
274,% CD8+ nonMAIT total INFg+ d1
275,% CD8+ nonMAIT total GzA+ d1
276,% CD8+ INFg+ TNFa+ d1 P13
277,% CD8+ INFg- TNFa+ d1 P13
278,% CD8+ INFg+ TNFa- d1 P13
279,% CD8+ INFg+ GzA+ d1
280,% CD8+ INFg- GzA+ d1
281,% CD8+ INFg+ GzA- d1
282,% CD8+ total INFg+ d1
283,% CD8+ total GzA+ d1
284,% CD4+ RO+ INFg+ GzA+ d1
285,% CD4+ RO+ INFg- GzA+ d1
286,% CD4+ RO+ INFg+ GzA- d1
287,% CD4+ RO+ total INFg+ d1 P13
288,% CD4+ RO+ total GzA+ d1
289,% CD4+ RO+/- CD27+ CD161+ INFg+ d1
290,% CD4+ RO+/- CD27+ CD161- INFg+ d1
291,% CD4+ RO+/- CD27+ CD161+ INFg- d1
292,% viable CD3- CCR6- d1
293,% viable CD3- CCR6- CD161+ INFg+ d1
294,% viable CD3- CCR6- CD161- INFg+ d1
295,% viable CD3- CCR6- CD161+ INFg- d1
296,% viable CD3- CCR6- GzA+ INFg+ d1
297,% viable CD3- CCR6- GzA- INFg+ d1
298,% viable CD3- CCR6- GzA+ INFg- d1
299,% CD19+ CD3- d0
300,% CD19- CD3- d0
301,% CD14+ d0
302,% CD19+ CD3- CD27+ IgG+ d0
303,% CD19+ CD3- CD27- IgG+ d0
304,% CD19+ CD3- CD27+ IgG- d0
305,% CD3- CD19- DR+ d0
306,% CD3- CD19- DR+ CD14+ d0
307,% Dcs d0
308,% pDcs d0
309,% Dcs CD1c+ d0
310,% CD3- CD19- CD14+ CD16+
