0,% DN RO+ CCR6- INFg+ TNFa- d1
1,K06996
2,% CD4+ M CD25+ CD27- d0
3,Phocaeicola_coprocola
4,K07505
5,% CD4+ M CCR4+ CXCR3- d0
6,% CD8+ M total CCR6+ d0
7,% DN RO+ CCR6- total INFg+ d1
8,N-acetylglucosamine/N-acetylgalactosamine
9,3-carboxy-4-methyl-5-pentyl-2-furanpropionate (3-CMPFP)**
10,K23303
11,% DN RO+ CCR6+ d1
12,succinoyltaurine
13,N-acetylputrescine
14,K21023
15,% CD8+ MAIT INFg- GzA+ d1
16,K07089
17,K22432
18,Alistipes_shahii
19,X-24556
20,% CD8+ M CCR6+ CXCR3- d0
21,Sutterella_wadsworthensis
22,% CD8+ RO+ CCR7+ d0
23,Clostridium_sp_AF36_4
24,Bacteroides_ovatus
25,% CD8+ RO+ CCR6+ IL-17+ INFg+ d1
26,K19428
27,N-acetyl-beta-alanine
28,N-palmitoyl-sphingosine (d18:1/16:0)
29,Collinsella_aerofaciens
30,Blautia_obeum
31,% CD4+ CCR7+ RO- CD31+ CXCR3+ d0
32,glycodeoxycholate 3-sulfate
33,% CD3- CD19- DR+ d0
34,gulonate*
35,% CD4+ RO+ CCR7- d0
36,6-bromotryptophan
37,Barnesiella_intestinihominis
38,% DN RO+ CCR6- INFg+ TNFa+ d1
39,K15898
40,% viable CD3- CCR6- d1
41,% viable CD3- CCR6- CD161- INFg+ d1
42,Faecalibacterium_prausnitzii
43,% CD4+ IL-17+ IL-22+ d6
44,CD8+ MAIT % RO+ CD27- d0
45,X-21467
46,% CD19+ CD3- d0
47,N-palmitoylglycine
48,NK % CD56lo CD16-
49,% CD19+ CD3- CD27+ IgG+ d0
50,% CD8+ total TNFa+ d1
51,K10797
52,% CD8+ MAIT INFg+ GzA- d1
53,% viable CD3- CCR6- CD161+ INFg+ d1
54,Odoribacter_splanchnicus
55,GGB9602_SGB15031
56,Phocaeicola_vulgatus
57,K00526
58,Clostridium_sp_AM49_4BH
59,K18331
60,% CD8+ RO+ Va7.2- INFg+ TNFa- d6
61,4-hydroxychlorothalonil
62,4-allylphenol sulfate
63,N-oleoylserine
64,% CD4+ RO+ CCR6+ IL-22+ IL-17- d1
65,% CD4+ M CXCR5- CCR7+ d0
66,taurolithocholate 3-sulfate
67,X-21471
68,K13016
69,CD3+ gdTCR+ CD3hi
70,% CD8+ RO+ CCR6- total TNFa+ d1
71,GGB9635_SGB15106
72,K16203
73,% DN RO+ CCR6- INFg- TNFa+ d1
74,Bacteroides_thetaiotaomicron
75,cortisone
76,1-stearoyl-2-oleoyl-GPS (18:0/18:1)
77,K13018
78,Alistipes_ihumii
79,% CD8+ INFg+ IL4+ d1
80,choline phosphate
81,% CD4+ CCR7+ RO- CXCR5+ d0
82,glycosyl-N-stearoyl-sphingosine (d18:1/18:0)
83,tetradecadienedioate (C14:2-DC)*
84,stearoyl ethanolamide
85,% DN CD161+ Va7.2- d6
86,K00264
87,Alistipes_communis
88,K19350
89,vanillylmandelate (VMA)
90,glycochenodeoxycholate glucuronide (1)
91,% viable CD3- CCR6- CD161+ INFg- d1
92,X-11795
93,K19221
94,X-17010
95,K09939
96,Alistipes_finegoldii
97,imidazole lactate
98,N-acetylhistidine
99,N-acetyl-aspartyl-glutamate (NAAG)
100,indolelactate
101,alpha-tocopherol
102,% CD4+ INFg- TNFa+ d6
103,K11751
104,GGB9758_SGB15368
105,X-16935
106,% CD4+ RO+ CCR6+ d0
107,dihomo-linolenoylcarnitine (C20:3n3 or 6)*
108,K23518
109,% CD3- CD19- CD14+ CD16+
110,GGB1266_SGB1699
111,% CD4+ RO+ CCR6+ INFg+ IL4+ d1
112,% CD4+ RO+ CCR6+ CD161- d6
113,Bacteroides_stercoris
114,K22232
115,Bacteroides_cellulosilyticus
116,% CD14+ d0
117,K13002
118,% CD4+ RO+ CCR6+ INFg- IL-17+ d1
119,undecenoylcarnitine (C11:1)
120,"androstenediol (3alpha, 17alpha) monosulfate (2)"
121,"3-bromo-5-chloro-2,6-dihydroxybenzoic acid*"
122,Blautia_faecis
123,% CD4+ N FOXP3+ d1
124,Clostridiales_bacterium
125,K01338
126,% CD4+ RO+ FOXP3+ INFg- d1
127,Phocaeicola_massiliensis
128,Ruminococcaceae_unclassified_SGB15265
129,K09022
130,Dialister_invisus
131,K02852
132,N1-methyladenosine
133,Clostridium_sp_AF34_13
134,Roseburia_intestinalis
135,% CD8+ M CCR6+ CXCR3+ d0
136,Dysosmobacter_welbionis
137,K17716
138,DN % RO+ CD27+ d0
139,Bilophila_wadsworthia
140,N4-acetylcytidine
141,% CD19+ CD3- CD27- IgG+ d0
142,%DN CD161+ Va7.2- d0
143,K11004
144,% CD8+ INFg+ TNFa+ d1 P13
145,K18214
146,pregnenolone sulfate
147,arachidonoylcarnitine (C20:4)
148,% CD4+ RO+ INFg+ IL4+ d1
149,% pDcs d0
150,K09951
151,K18430
152,lactosyl-N-palmitoyl-sphingosine (d18:1/16:0)
153,GGB9615_SGB15053
