0,"Cholesterol, Total"
1,HDL Cholesterol
2,Triglycerides
3,LDL-Cholesterol
4,Chol/HDLC Ratio
5,Non HDL Cholesterol
6,Glucose
7,Urea Nitrogen (BUN)
8,Creatinine
9,eGFR non-African American
10,eGFR African American
11,Sodium
12,Potassium
13,Chloride
14,Carbon Dioxide
15,Calcium
16,"Protein, Total"
17,Albumin
18,Globulin
19,Albumin/Globulin Ratio
20,"Bilirubin, Total"
21,Alkaline Phosphatase
22,AST
23,ALT
24,TSH
25,Sed Rate
26,White Blood Cell Count
27,Red Blood Cell Count
28,Hemoglobin
29,Hemocrit
30,MCV
31,MCH
32,MCHC
33,RDW
34,Platelet Count
35,MPV
36,Absolute Neutrophils
37,Absolute Lymphocytes
38,Absolute Monocytes
39,Absolute Eosinophils
40,Absolute Basophils
41,Neutrophils
42,Lymphocytes
43,Eosinophils
44,Monocytes
45,Basophils
46,Vitamin B12
47,C-Reactive Protein
