"","KEGG.yellow","KEGG.black","KEGG.brown","KEGG.purple","KEGG.red","KEGG.turquoise","KEGG.magenta","KEGG.blue","KEGG.green"
"SAM000201_tp1",0.023235506200176,0.00229336420933755,-0.0181678075046829,-0.03555471640818,-0.0258131061318304,-0.0129155647206432,-0.0201201623861472,-0.0199747834798608,-0.0129182614146463
"SAM000201_tp2",-0.0517509394191529,-0.023972204535085,0.0482565011706302,-0.0350912497762581,0.00218032724949022,-0.00815033304475754,-0.0179480902540013,0.0299816766665157,-0.00716389701251682
"SAM000201_tp3",0.000237812885212971,-0.0119380353295384,0.0217115923715852,-0.0340551107609762,-0.0189668545083284,-0.00928938517647643,-0.0148786208012634,0.00123100187050126,-0.0048552291480673
"SAM000201_tp4",-0.0256106821126063,-0.0264795265264046,0.0234827081898896,-0.031680236582837,0.00125116365157216,-0.00750098510104435,-0.0110549079588791,0.027724050051446,0.014130491010939
"SAM000202_tp1",0.00691575022987213,-0.0169930014971807,-0.0127201895915761,-0.0439431145681362,-0.0120440454716959,-0.0121282419016226,-0.011721087552758,0.0051529447293282,-0.0155063329167754
"SAM000202_tp2",-0.0141715094598668,-0.0200814190590569,-0.000488582312554777,-0.0447981929311999,-0.0119696700888717,-0.0118791503695787,-0.0140980243504518,0.0202651823810247,-0.0144124272919592
"SAM000202_tp3",-0.044793236728677,-0.025687634355069,0.0111108782266445,-0.0425829471523776,0.0305756119947131,-0.0108840696856306,-0.00680629285697562,0.0407641949328866,-0.0143872942604478
"SAM000202_tp4",0.0298744742032261,0.000632750631841692,-0.0191017237439541,-0.0469156525068884,-0.0199341034378642,-0.0126057367191489,-0.0221067504295915,-0.0358007835625348,-0.0168503429094284
"SAM000203_tp1",0.0406350342433532,0.0552888105676552,-0.017309692211034,0.051349094650926,-0.0275821332725981,-0.0125311900911011,-0.0235759324697279,-0.0806399733535909,-0.0157111043714712
"SAM000203_tp2",0.0245899561189843,0.0594834551859671,-0.00913490163163569,0.0639615718345065,-0.0264907263209866,-0.0117472823933696,-0.0226699426781776,-0.0790710998793525,-0.0139830481905452
"SAM000204_tp1",-0.0305629564612584,-0.0347534522503216,0.0256041016822704,0.0386079323227163,0.0107361407034327,-0.00908394178811587,-0.0145829830962414,0.0404070056343097,0.00106790461784908
"SAM000205_tp1",0.035505725110189,0.00184833473839188,-0.0281742538755975,-0.0460344504265315,-0.0252396770793919,-0.0132604365888935,-0.0220103824525119,-0.0293725056353834,-0.0161137083612869
"SAM000205_tp2",0.0236177823736838,-0.0210069122002598,-0.02370638226982,-0.0431534895955298,-0.0204844443281024,-0.0121716939388869,-0.0151350055358682,0.00918092344134941,-0.0127564852294885
"SAM000206_tp1",0.0276691948576025,0.0262261317449635,0.00927204598097942,-0.0404208742905892,-0.0196166321197758,-0.0123910059204549,-0.021691538557149,-0.0416182973223173,-0.0167146855450066
"SAM000208_tp1",0.0748564363048563,0.0352531363978231,-0.0290461238895995,0.0477362695998202,-0.0183159952628887,-0.003629977698307,-0.0214250938766053,-0.06973637861503,-0.0142060445189099
"SAM000208_tp2",0.0690669213959019,0.0451615959716297,-0.0305408101962847,0.0193915220098451,-0.00701784983927115,-0.00311584821675026,-0.0222082674312254,-0.0740905926450153,-0.0151579259553221
"SAM000209_tp1",0.0223206327206043,0.11374048129251,0.0570122172844265,-0.0426482683464917,-0.0296236406270696,-0.00417089480333756,-0.0129608535040621,-0.0692834734130343,-0.0127036686450153
"SAM000209_tp2",0.032413857312399,0.0405765737125822,-0.00799176548598972,-0.0392292294850623,-0.0220663970186441,-0.00345545467470181,-0.0164090096715236,-0.0569455015452855,-0.0161476709802165
"SAM000209_tp3",-0.0562425713642076,-0.0489543479303649,0.0313926528200471,-0.0037332577666882,-0.00167612114422968,0.00816373312352623,0.0623497416159978,0.0597516601128121,0.0155159001757233
"SAM000210_tp1",0.103425839225318,0.020704206355198,-0.0375391060806497,-0.0432449630050918,-0.00591554845284778,-0.00622561394456313,-0.00864240126197835,-0.0620322213535034,-0.0142898232220818
"SAM000210_tp2",0.00243809398613756,-0.00940547374600084,-0.0193515893987576,-0.0385023586491349,-0.0201247041486663,-0.0105797831205863,-0.0183145258463182,-0.0141134957451569,-0.0124238728954281
"SAM000210_tp3",-0.0569743389283125,-0.0487663321151723,0.0111063971832046,-0.0172552265044362,-0.00186516779711042,0.0229047350584163,0.00697122425744226,0.0578460142909673,0.00162250315873998
"SAM000211_tp1",0.0240758393667453,0.00678811702861723,-0.0190383361594581,-0.0437362565642834,-0.0192221701930356,-0.0132566863474906,-0.0197012176464102,-0.0215221393538942,-0.00928677442434819
"SAM000211_tp2",-0.0194934287831934,0.00296298734030233,-0.00314489668463134,-0.0442360018339674,0.00147622076763125,-0.0129190865350468,-0.00845926562025092,0.00693901272680052,-0.0121247385148622
"SAM000212_tp1",0.0776485731553398,0.0321943733151439,-0.0291590225832631,0.0191600084664921,-0.026066197746444,-0.0139422945858459,-0.0163629375915291,-0.0693363560533886,-0.0164651120987447
"SAM000212_tp2",0.0522501057577838,0.0286803241273986,-0.0281492484776627,0.0601959469253479,-0.0259081255229236,-0.0132308554995654,-0.0183421879188311,-0.0488095792368809,-0.0167353335653727
"SAM000212_tp3",-0.0616846599502167,-0.0765728911928203,0.00622074308661613,0.0137476085012707,-0.0140922165342592,-0.00626854000411599,0.0387534558239966,0.122622687551136,0.00477372383238789
"SAM000212_tp4",-0.00524768030840757,-0.04303079419068,-0.0272854592440571,0.0400829345074816,-0.0104874187470541,-0.00591791394840097,0.0567405037686141,0.0527159234775983,-0.00601826221360853
"SAM000213_tp1",0.00964094562419553,0.0156336091328825,-0.0203418042184675,0.0310528977734799,0.00504475070067465,-0.00836215563691665,-0.0239014815291706,-0.0541449123656715,-0.011335683108561
"SAM000213_tp2",0.00509828143483118,0.030299717515585,-0.00949306917309513,0.0609460476672028,0.112728371530612,-0.00758248593619193,-0.0178994999270391,-0.0548142911004785,-0.0116225948917914
"SAM000214_tp1",0.0461784227162025,0.0510274504200811,0.0193661685505786,0.0986954489093277,-0.0226274608181327,-0.0105069096933478,-0.00629309010908598,-0.0400605172736031,-0.00819574736241348
"SAM000214_tp2",0.0632851545688335,0.0206430285465885,-0.0316640103016191,-0.0295496543563185,-0.0209006707456075,-0.00708708337403186,0.0032290365394616,-0.0527378314486604,-0.0107187346551166
"SAM000214_tp3",0.0478543478880919,0.00901210946264747,-0.0254259613791162,-0.0335161662686655,-0.0181589729002396,-0.0114831882926423,0.0390835713019483,-0.0462969361306362,-0.000920699134103528
"SAM000216_tp1",0.0662563885842129,-0.00574262080823956,-0.03899483771955,0.0936715771989596,0.00571080278417847,-0.008769432151514,-0.0148951709307093,-0.0286435646168104,0.0116690372000273
"SAM000216_tp2",0.0662007237995136,0.0157992080870455,-0.0292871031358298,0.0403141255927639,0.00597799986736351,-0.00830315792583097,-0.0177728946003954,-0.0399750800014664,0.00442970230515816
"SAM000216_tp3",0.016655665769834,-0.0338288425103004,-0.0326440275716251,0.0558588147431523,0.0165302849610429,-0.00671041864670409,-0.0151736434717854,0.00644573451192575,0.00841527840092675
"SAM000217_tp1",-0.018812789733583,0.0321204251398218,0.0425164577749158,-0.0444231175316773,-0.0223080947821803,-0.0117574985646415,-0.0194456913151891,0.0131964961079382,-0.00883316634974286
"SAM000217_tp2",-0.0192365021664885,-0.00124239464723487,-0.000100556436688005,-0.0392181109273212,-0.00868794042037272,-0.00757634740660932,-0.0232712032556222,-0.016464335036617,-0.0129077379853553
"SAM000218_tp1",-0.0362965193913304,-0.00189745418297494,0.0275303866375779,0.0290939284021286,-0.0159776151234383,-0.0104804776458447,-0.0187155468893915,0.0275552894513679,-0.00488908603711933
"SAM000220_tp1",-0.0367011539908983,0.0208415015115482,-0.000924619324560401,-0.0434842807303038,0.010963712980614,-0.0116000285432637,-0.00180648113910813,-0.0265122985547948,-0.0144875976125236
"SAM000220_tp2",-0.00584834020988455,0.0674770853657218,0.0118642117431198,-0.0384596263278301,0.0540071667099316,-0.0126066029433365,0.0171404493297703,-0.0500666160560627,-0.0162257443469234
"SAM000220_tp3",-0.0114427757402204,-0.0149983131677915,-0.0109464786079484,-0.0358013416016427,-0.0203987038462443,-0.0100655628217191,0.0149182751077087,-0.00104945497897628,-0.0108020408368081
"SAM000221_tp1",-0.0295563443895103,0.0552918188160537,-0.00105614848923382,-0.043206574435763,-0.0276363349467357,-0.0139354199509623,-0.0211564522648871,-0.0714455118993352,-0.0145003374600625
"SAM000222_tp1",0.0508188928440305,0.0346356355124542,-0.0042746221647406,0.0217573980098636,-0.022267565787341,-0.0127828708337088,-0.0225535681997399,-0.0539618583961897,-0.0144844021407412
"SAM000222_tp2",0.0450096126767632,0.019907478064624,0.00621107323135678,0.059749815608139,0.0198839747480249,-0.0102818669766346,-0.0234215725501399,-0.0403812161214839,-0.013998750809907
"SAM000223_tp1",0.117002441143122,0.0200082079456259,-0.0445955366097138,-0.0459522223437808,0.00741332891869521,-0.0144512088738046,-0.0218885503041732,-0.065011822738227,-0.0117904082860864
"SAM000223_tp2",0.0789501092084466,0.0278291191373996,-0.021815054112448,-0.041955029236999,-0.0137631014558769,-0.0112244122978984,-0.0206381350877509,-0.0616934568982148,-0.0158434488888697
"SAM000224_tp1",0.0266824010992331,0.0221826952272603,-0.0283006727596268,0.0405030860793638,-0.0228377541459799,-0.0125818756841289,-0.0227306844301646,-0.049198190084472,-0.014526888448567
"SAM000225_tp1",-0.00119579394597444,0.178309572825445,0.16476974443463,0.0165513476312467,-0.0151059590690139,-0.00127635127805287,0.00787900523316348,-0.036400436428218,0.0023801398628841
"SAM000225_tp2",0.0241044784993219,-0.00233157926205815,-0.0177849911344987,0.0101730981946837,0.0263182621941558,0.00346210895037503,0.0899248466887511,-0.0292678494700817,0.00446890607208452
"SAM000225_tp3",0.00428700837398484,-0.0427124324695368,-0.0210258332849147,0.024597635858929,-0.00448156412156108,0.00342702696816079,0.211275716947621,0.043639036936648,0.0165870735160348
"SAM000226_tp1",0.0624133863009316,0.028410159298718,-0.0218956756774774,0.0414287510250118,-0.0251119333928652,-0.0135651950199208,-0.0234785658632018,-0.059706989529525,-0.010963039049879
"SAM000226_tp2",-0.0269505470457552,0.0304534306481577,0.0119677405916929,0.0284399256047784,-0.0159835445084914,-0.0100114430023825,-0.0216685450003567,-0.016364660957415,-0.00858645099144276
"SAM000227_tp1",-0.00171703864725019,0.00237929975308331,-0.00497654254186824,-0.0463178879969127,0.000424338610691608,-0.0131177386638539,-0.0232932430181621,-0.0105007927519737,-0.016377775520497
"SAM000227_tp2",-0.0351774426719621,0.0218763076723712,0.0255533728856085,-0.0482121450879107,0.0560273926861356,-0.012413823218577,-0.0215326903131076,-0.0295057879851049,-0.0159370176603741
"SAM000228_tp1",0.0434295716877315,0.0462779025054789,-0.016575861453434,0.0520531091326909,-0.0264504996171481,-0.0121816946250472,-0.0234607818974058,-0.075239743499314,-0.0152273622255639
"SAM000228_tp2",0.0133349057523975,0.0216152283737075,-0.00501070409569765,0.062529088292951,-0.0231163396225345,-0.0110485432506203,0.000601975326094259,-0.0506719532778206,-0.0131842005541412
"SAM000230_tp1",0.0198093279249211,-0.00612308846536785,0.00820148081739245,0.0158222340831238,-0.0128170839836835,-0.0107057244456234,-0.0149092584514156,-0.0185894745636512,-0.0117491422244047
"SAM000231_tp1",0.0885980490655302,-0.00217472665370404,-0.0415945892879744,0.00751160600911077,-0.0179916600183009,-0.00267731637014519,0.00707104498160128,-0.0257194009227154,-0.0136241204688288
"SAM000232_tp1",0.0585648957229928,0.0158270915493571,-0.0227606927109761,0.019567143521196,-0.0258309674366041,-0.0126974368342334,-0.0211067475869711,-0.0437404766981527,-0.0130079677696643
"SAM000233_tp1",0.00413326620580589,-0.00752167040904037,-0.0300834743668935,0.0241475423123329,-0.0156948101504448,-0.0122539560139986,-0.0215037953658477,-0.0156397306820109,-0.0133975244725235
"SAM000233_tp2",0.0275398510970412,0.00325860419213887,-0.0238591081019607,0.0266260697543826,-0.0219582090414422,-0.0125319772611736,-0.0219995935031175,-0.0173360812497843,-0.0132975063143679
"SAM000233_tp3",-0.0202641769163192,-0.0379697204448538,-0.0126972402148243,0.0143354105369598,-0.0175980662594088,-0.00944029554375738,-0.0168724106988523,0.0555196198489864,0.0352476322563901
"SAM000234_tp1",0.0663480757953307,-1.47660603746881e-06,-0.0315810120179491,0.0210316680165901,-0.00174311892181227,-0.001736253199643,0.00476977265869833,-0.0332549052627204,-0.0122734672526635
"SAM000235_tp1",0.0647601720407083,-0.00113614821209543,-0.0356085488925324,0.00706643268754322,-0.00915345416745172,-0.000161997154091643,-0.0211456498748376,-0.039846080249097,-0.0152711723520795
"SAM000235_tp2",0.0378798336385991,-0.0058625348717212,-0.0177690069538299,0.0217575582540002,-0.0222654927404166,-0.0119690752508166,-0.0147593297405125,-0.0147125758356186,-0.014079904757193
"SAM000236_tp1",0.0108438313718566,0.00869457676859838,0.00253128185724809,0.0563802937403925,-0.0197818025944546,-0.0104067021942342,-0.0212414503459659,-0.0270951886263588,-0.0106132811134344
"SAM000236_tp2",0.0179205769089492,0.0320657583752413,-0.000986127235984389,0.0202640375476134,-0.0210957204833202,-0.00936277794835816,-0.0205521311759534,-0.0395327583107319,-0.0131458619580465
"SAM000237_tp1",0.0607233770000807,-0.00302920228224562,-0.0217350614092452,-0.0419355632189754,0.157803719012289,-0.0120221677007719,-0.0228558844382849,-0.0407201471961176,-0.00882222024176865
"SAM000238_tp1",0.0341384963234699,-0.00701810579834708,-0.0238671257667995,-0.0438588580879424,-0.0150394022749959,-0.0123215366874656,-0.0125503631901023,-0.0155606974764978,-0.00715217491524992
"SAM000238_tp2",0.0115164388526757,-0.0157313532385189,-0.0094874490416871,-0.0424945821622615,0.01959640399378,-0.00422508995103715,-0.0144034925713584,0.00119420237022765,0.00511634826681136
"SAM000240_tp1",-0.0345207394139419,0.0155575968268602,0.00376683882630746,-0.0379552043320625,-0.0147694428585864,-0.0118811720918565,-0.0170602878852478,-0.0331958753201885,-0.0127912212004618
"SAM000240_tp2",-0.0187612201814061,-0.00762675780789105,-0.00287882611144809,-0.0437688055718184,-0.0270528676397046,-0.0123492060493358,-0.0218403381732879,0.00416897100358807,-0.00843905481319037
"SAM000240_tp3",-0.00736363689441212,0.0174592491359242,-0.00346904329529411,-0.0417315739496632,-0.0226317461368696,-0.0120535615377958,-0.0229359160138948,-0.0396077431477534,-0.00673436779964701
"SAM000240_tp4",-0.0355994304463017,0.00569693064037105,0.00309238640963398,-0.0431864532576806,0.0615905399719011,-0.0120393048569056,-0.0180052680580967,-0.0211450361857136,-0.0132501194318352
"SAM000241_tp1",-0.00730509650674353,-0.00857742996355593,-0.0026977787247681,-0.0401466962476767,0.000719331494437463,-0.00877280893844734,-0.0202081414764316,-0.00356806902485705,-0.0136636484943637
"SAM000241_tp2",0.0337918942522871,0.0229184643538432,-0.0176832753115486,-0.0408311343608617,0.00792240022417785,-0.00816078050714728,-0.0210069603787175,-0.0485083937547593,-0.0154642219253627
"SAM000242_tp1",-0.0379169310985467,0.00317393748506678,0.00618236731495853,-0.035758640886821,-0.0178068906296099,-0.0108252325061093,-0.0153945050640414,-0.0314324436362825,-0.0152339054885769
"SAM000243_tp1",0.129385649442949,0.0172083634987703,-0.0491411416260827,-0.0444189668116342,-0.0208083031579395,-0.0127273926250893,-0.0227039908731966,-0.0690500534361082,-0.0144145490204188
"SAM000243_tp2",0.0572540997202348,0.025297279612182,-0.0219553494386785,-0.0368063011207455,-0.0193824804226292,-0.0113992841938337,-0.0174412289037517,-0.0585713104118132,-0.0143715921669909
"SAM000245_tp1",0.0748154113630222,0.0264562013918808,-0.0373859065771892,0.0195029578347168,-0.0251688431414892,-0.012826491122949,-0.022811539909615,-0.0630716452181955,-0.016390343636379
"SAM000245_tp2",0.0131558541560903,-0.00800270692701573,-0.028580946012507,0.0135381056660071,-0.0209105654625766,-0.0126161700541682,-0.0225044160253435,-0.0111023019836443,-0.0162665052964599
"SAM000245_tp3",0.0330354802535684,-0.00131067738254255,-0.0330695070885682,0.067768294953421,0.013810596071602,-0.00893442581307881,-0.0133735701923707,-0.0334124613618788,-0.0145599810355267
"SAM000246_tp1",-0.0172020322518563,-0.00457830066090213,0.00950424071026162,-0.0385098054670353,-0.0106628865316512,0.0516413879675657,-0.0118971576859053,-0.00703826585912138,-0.0106495280721626
"SAM000246_tp2",-0.0442810606354186,0.0380544097508446,0.0307944088398902,-0.0453011990621583,-0.0281145971420526,-0.000879392611039001,0.0108586645104486,0.00736075950305691,-0.0156719479916021
"SAM000247_tp1",-0.0372482042547032,0.0567483048856084,0.0126428028687344,0.0204259694406065,-0.0173265877046434,-0.0133762329171405,-0.0186294749952518,-0.0445569101287065,-0.0143950226624136
"SAM000247_tp2",-0.0281282628269394,0.0736523837640319,0.0165763732794778,0.0122035838407961,-0.0276950359918209,-0.013812452282469,-0.0169625808931584,-0.0506100554595756,-0.0123022445529835
"SAM000247_tp3",-0.0577923228606686,-0.0286574289481715,-0.00813141855048477,0.00351048673142334,-0.0172266264030721,-0.00885721847373832,0.0141363453713904,0.060584466336496,-0.00331355256252119
"SAM000248_tp1",-0.0294985823600894,-0.02327019028891,0.000748054754707647,-0.0401567423485656,-0.0126670326780157,-0.011947753563577,-0.0222701182996575,0.0364470104725384,-0.0149648955991729
"SAM000248_tp2",-0.0146817326534544,0.0127705921396627,-0.0140948018025389,-0.0359460387132307,-0.0248583797409889,-0.0132370247862097,-0.0217048359844293,-0.0107585565096885,-0.0167728352243617
"SAM000248_tp3",-0.0696783223234998,-0.0773588245796433,0.00247735593664759,-0.0321531627138133,-0.00417908080584913,-0.00749838981466801,-0.018578533072415,0.133767810988064,-0.00714292795978187
"SAM000249_tp1",-0.0419959482511836,0.0550365838721157,0.0864324767879878,0.0257620737793597,-0.0208905161428573,0.00320009062666139,0.0370212923426436,0.0255205503500096,-0.00842977876978091
"SAM000250_tp1",0.00862207854317092,0.0523595916215834,-0.00450378470113544,-0.0442675670006067,-0.0271332754095213,-0.0141656635369774,-0.0222237301689809,-0.0659960361054359,-0.0174757235392204
"SAM000250_tp2",0.00719511207765857,0.0221855921483826,-0.0113946952012783,-0.0443257964935691,-0.014290167969806,-0.0130282564867427,-0.0226843542878307,-0.0409004017364607,-0.0130182655955658
"SAM000250_tp3",-0.0270185753982997,-0.0544067841449348,-0.00900902179141825,-0.0375289385373686,0.039886522592286,-0.0066321692737356,-0.0176313214796526,0.0574800655764654,0.010856385295748
"SAM000251_tp1",0.0064611263881803,0.0109837839608755,-0.011022294238048,-0.0198842259654467,-0.0181815307694054,-0.00881914789023196,-0.00199281328635351,-0.0309016855374401,-0.0111367534383809
"SAM000251_tp2",0.0121840778174901,-0.00472891757139442,-0.0179918301233627,-0.0271404503089165,-0.0178010041949845,-0.00736265387571613,-0.0114288287364357,-0.0153458983031608,-0.0119172320014121
"SAM000251_tp3",-0.0296786863871463,-0.0156934806425748,-0.00559914565565042,-0.0142974837871066,-0.00357702162767601,-0.000139578822385844,0.0122193865352227,0.00162291531095228,0.0571945551490545
"SAM000253_tp1",0.024673769893484,-0.00726339100206236,-0.022033672227139,-0.0315417371176372,0.00470313334260579,0.101319735778908,-0.0181667515462198,-0.0291241555730711,-0.0143904504394929
"SAM000253_tp2",-0.00822462863174124,-0.0167281698451046,-0.00434556728060934,-0.0276325605376145,-0.00300146068219332,0.0193385151878228,0.0146145446427613,-0.000857488871170614,-0.0113409886378177
"SAM000253_tp3",-0.0444821775101949,-0.0325921203085413,-0.00742579545346108,-0.0269194682307676,0.00267791573739032,0.0731657841680533,-0.0113290136870589,0.0483173655451438,-0.0014368381319262
"SAM000254_tp1",0.0349804763332381,-0.0135917079478065,-0.032486938524696,-0.0148549026577998,-0.0236639963634776,-0.0132749729313067,-0.00939528491807501,-0.0205213582167792,-0.0128091674038021
"SAM000255_tp1",-0.00434957681165048,-0.00213250056508766,-0.017257318425818,-0.0439230951648718,-0.0274304374700199,-0.0132518383350239,-0.0185938689892951,-0.00444151279786998,-0.0124218236676467
"SAM000255_tp2",-0.0797392760217738,-0.0215036836942759,0.00385108970063381,-0.0358318721040594,-0.0156693995731156,-0.00831016918287726,-0.00457879357374272,0.0418093282280213,0.0553666096177715
"SAM000255_tp3",-0.0432145002323376,-0.0675521125539152,0.00177236816903446,-0.032445177619086,-0.00570215673709187,-0.00628044117955383,0.182666295441745,0.111421111222635,-0.00160734262205863
"SAM000256_tp1",0.0348094148282621,0.120247318966278,0.0574558969653084,-0.0449935205961646,-0.0332466060502247,-0.0154583157329039,-0.0168427942252044,-0.0568896395448064,-0.0180858033324984
"SAM000256_tp2",0.0265863467003651,0.0533033145929572,-0.0188154220636081,-0.0334560898989088,-0.0290055064710797,-0.0118342354058764,-0.0172862422543171,-0.0693500196131433,-0.0157120183977929
"SAM000257_tp1",-0.0294190521048102,0.0473527249496153,0.101881352797206,0.0576382300914405,0.00665712906732902,-0.0067250627060817,-6.26903175611977e-05,0.0025941999399725,-0.00198072678073221
"SAM000258_tp1",0.107124511177462,0.0435085795953087,-0.039631552891799,-0.0432951162135167,-0.013482989298169,-0.0023900244678661,-0.0216093890875606,-0.0820331003822531,-0.0167905160333588
"SAM000258_tp2",0.0934316923868958,0.0224601671079222,-0.0508161826808054,-0.0364806856171702,0.00681768586447055,0.0166237049121805,-0.0207802235614185,-0.0661498728022554,-0.0106053948111574
"SAM000259_tp1",0.0106746031710943,0.0134547212281559,-0.00214031321591858,-0.0376780940606475,-0.0271019569836791,-0.0113366506094389,-0.00534047344428839,-0.0290063467661002,-0.0121050249461069
"SAM000260_tp1",0.0165884913884731,0.00636263893907511,-0.00679161859503333,-0.0451133062343723,-0.00186324139421136,0.00969682572058263,-0.0228120416746759,-0.0278611649399402,-0.0137810801966653
"SAM000260_tp2",0.00106711061844336,-0.0310331935221976,-0.00538612207545347,-0.0402662308099579,-0.0213284900317998,-0.00968597405088342,0.0156763493441899,0.0407278055495697,-0.00568818716584313
"SAM000260_tp3",-0.0163654145171229,-0.0467493279447628,-0.00773769345953548,-0.0360251685676853,-0.0115958774542714,0.00307495084231775,0.125120254857342,0.0489435259302476,0.00916780650542366
"SAM000261_tp1",0.00242145039337411,-0.0331488364393788,-0.0181596803929657,0.0120846433663619,-0.0243175455929218,-0.0108544524927401,-0.00619500717376323,0.0279108605381749,-0.00892228080056997
"SAM000261_tp2",0.0172618842660962,-0.0239960474749046,-0.0205475312704878,0.0195535517848931,-0.023528083894032,-0.0111436032164205,0.00485449119451543,0.0211748095292163,-0.00944504594887162
"SAM000261_tp3",-0.0390130397437479,-0.0665128919352185,-0.0131123879095904,-0.00159708580080676,-0.0156872547645205,-0.00686708543188226,0.0837660388576166,0.114288002110982,0.0280973182768524
"SAM000263_tp1",0.0407482672098997,0.016952707486682,-0.0125807852910454,0.0627755565532765,-0.0247234476941613,-0.0126340432337485,-0.023961540093954,-0.0343117843978963,-0.0145666053771489
"SAM000263_tp2",-0.0238232215386788,-0.0191705923702531,0.0093791191336898,0.0487970835755952,-0.0165280290156146,-0.00688891527214269,-0.020570598236257,0.0322963529126516,0.00647265213996959
"SAM000263_tp3",-0.0534437673568996,-0.0257271505462526,0.0195415270891811,0.0100427613247426,-0.0172001772346124,-0.00673042026710539,0.0418308830121909,0.0669623147317262,0.00209311730333026
"SAM000265_tp1",0.00291440655332967,-0.00416367580332222,-0.0302909593690844,-0.0356251332800553,-0.0102619554518909,0.027914989456506,-0.00992458359061018,-0.022743321815708,0.0575717516370686
"SAM000265_tp2",-0.0126634820299619,-0.0342015668082609,-0.0261465384998779,-0.0389230282182212,0.00269555004809466,0.00340174508747991,-0.00980830056698064,0.0300208117576447,0.0718842351073293
"SAM000265_tp3",0.0500138948971019,-0.00609170284405208,-0.0443716793150893,-0.0407051138966617,-0.0010834960587356,0.0685074251801244,-0.0170836685122814,-0.0426921719185675,-0.00318333731295975
"SAM000266_tp1",-0.0130223958174292,-0.0137010879155667,-0.000392309268175782,0.128595266556064,0.0399552824554278,0.172955771374214,0.0193806117596968,0.015301371915104,0.0449015815553898
"SAM000266_tp2",0.0201349594880632,0.0676259813447945,0.0168200827517306,0.102913182800171,0.0299609169975298,-0.00438862105852486,-0.0197921691227964,-0.0532894464489087,-0.00800620191588783
"SAM000266_tp3",-0.0360573732240382,-0.00532348537311876,0.0248350651903738,-0.00921773852646258,-0.00413301278350354,0.00301134038056358,0.0308010779101776,0.0307782784611356,0.192664985677155
"SAM000268_tp1",-0.00443808287675761,-0.038624994698714,-0.00546211964124302,0.0302686140230438,0.0189373531806819,-0.00825995333873372,-0.00757521307035901,0.0260273278834281,-0.0109457491008184
"SAM000270_tp1",-0.0284816585480555,-0.0340764083331237,0.0184754800035746,0.0178382999815223,-0.00343708834759534,-0.00434373179884351,-0.0192754104770586,0.0336247883588435,-0.00328717836813377
"SAM000270_tp2",-0.028461118542531,-0.0347654452957116,0.00960389642629048,0.00137509689692948,-0.00754321253841377,0.0107493702837575,-0.0185917239228332,0.0331623154133546,-0.00457005637305279
"SAM000270_tp3",-0.0473175889150286,-0.0512448458230457,0.0263733304474856,0.00282983587513448,0.00232533936710438,-0.00436432637610554,-0.0176964762116869,0.0590166483374574,-0.00120717974430509
"SAM000271_tp1",-0.0106712537817439,-0.00826786618542946,0.00649612126366753,0.00170778064283396,0.0844134510855001,-0.00714134708983078,-0.0103157016653294,-0.0213475926476045,-0.00519575092804619
"SAM000271_tp2",-0.0268353392703851,-0.0163675251163907,0.011857200183234,-0.0233751104857529,0.0859514123413566,-0.00546608054224141,0.027034828896322,-0.00973343042599553,0.0412555006991615
"SAM000271_tp3",0.00951121776832943,-0.0146768203274795,-0.000779522779743363,0.00484194350804892,0.451916208055978,-0.00639688831290095,-0.00495223673116381,-0.0118430283832081,-0.000311227998604451
"SAM000272_tp1",-0.0609993636012741,0.0298755754495163,0.0739056821305992,0.0069324334806464,0.0149986967797199,-0.00890373099539129,-0.0195280063822803,0.0273383669529297,-0.010555360857325
"SAM000273_tp1",0.0701301537840809,-0.0104234231346134,-0.0231296343116172,-0.0327644976541947,0.0550997984825787,-0.00874374135598642,-0.00552529751341091,-0.0271112489396457,-0.00888775215509242
"SAM000273_tp2",0.084569897274206,-0.00202012359476941,-0.0392161681385561,-0.0376706081301569,0.0563910407082901,-0.0109083609766277,-0.0100435914728148,-0.0300405521594474,-0.0132386723472022
"SAM000273_tp3",0.0279073094812918,-0.0433399729830931,-0.0291452072982558,-0.0409163285781672,0.0875878393509505,-0.00924996617483794,0.0205765592040267,0.0233412763855395,-0.00695726413884904
"SAM000275_tp1",0.00380353786971734,-0.011786651475478,-0.0209378501896743,0.0616517679048691,-0.0161117084842604,-0.00903797054958759,-0.0147424006253457,-0.0148027783252715,-0.00656584127156387
"SAM000275_tp2",-0.00875812622424836,0.0180630942877742,-0.00801010534499937,0.00720274270509601,0.26629640485281,-0.00684378426172878,-0.013904406054479,-0.0394572196781721,-0.0127365968618725
"SAM000275_tp3",-0.0502710596424862,-0.0561962532227771,-0.0193421995734437,0.0108816008145645,0.0809033291978746,-0.00277766944971024,0.037406709079368,0.091020415164452,0.00115912693673732
"SAM000276_tp1",-0.0340964804769563,-0.00320858365168109,0.0273853503467289,0.142595522953842,-0.00405881780655101,-0.00690482509865723,-0.0104699942649366,0.0303746680503965,-0.00844192983484006
"SAM000276_tp2",-0.0572081015178393,0.00647976273900869,0.056496287302278,0.0438215961243527,0.000277961280241725,-0.00661295271987039,-0.000811001125341966,0.0572238332783604,-0.00537149537380152
"SAM000276_tp3",-0.0373292822899548,-0.0253256852272615,0.0193461534162801,0.0631815687201678,-0.00529040357748609,-0.00275237855136148,0.000422036944624778,0.0589249498440009,0.0286804444869048
"SAM000277_tp1",-0.0348904027775404,-0.00739043988017113,0.0558013481535099,0.0174386905809895,-0.00467771127307801,0.00266726847121624,-0.0192133309166644,0.021419750127047,-0.0123067218350219
"SAM000277_tp3",-0.0067789041121399,-0.0212801802528017,0.00506042270409851,0.0482253965517932,-0.006633639963329,-0.00864670291108255,-0.0184912475865251,-0.000376280656338383,0.00363424742012177
"SAM000280_tp1",0.078330023748007,0.00211935314640037,-0.0302108926074335,-0.020569815682103,-0.00522345227052904,0.00525524829915661,-0.0177398967763942,-0.0454324377082331,-0.00643045606863072
"SAM000281_tp1",-0.0174724596005956,0.0309307446761114,0.056409856880547,-0.0417071362939562,0.0371587981160436,0.0137260769152355,0.043493665554632,-0.0351382650869698,0.0934917211143365
"SAM000282_tp1",-0.0104156203274891,-0.0703394888975284,-0.0212970576208849,0.0302386043556506,0.163847422475838,0.67885578192676,0.0722947790270648,0.0599439822977302,0.0197862288421438
"SAM000283_tp1",0.0254818147427926,-0.0325719776365885,-0.0231206717654162,-0.0173413092930652,-0.0215362500067785,-0.00955232167862894,-0.0147353269484253,0.0145306904632638,-0.0105474594832293
"SAM000283_tp2",-0.0032157802937978,-0.0272994617585857,-0.0159453279844903,-0.0327993857956189,-0.0117384403117814,-0.0122525357753253,-0.00766074056828475,0.0351714882516404,-0.0128690227529446
"SAM000283_tp3",-0.00557871443053553,-0.0378870783102573,-0.0156373018583944,-0.0242545536500237,-0.0128339864540011,-0.00880043515719208,0.0134594930667001,0.028069035582201,-0.0117608877496003
"SAM000284_tp1",-0.0093763574901385,0.00605190647707226,0.0151518797036755,-0.021610160517757,-0.0111129786193669,-0.00294829427925176,-0.0160172560657941,0.0050377188296583,-0.0137311421607524
"SAM000284_tp2",-0.0440503740944037,0.0147964130817897,0.0452806474413349,-0.0309507028068469,0.00838534737505352,-0.0059710557317056,-0.00257506598957417,0.0329501097432166,-0.00867144133170451
"SAM000284_tp3",-0.0899651928849171,-0.0106642260892456,0.0981129974783258,-0.0246206922477196,-0.01263555634503,-0.00707654246959638,0.0053773955837366,0.0831117994317375,-0.00616119639369072
"SAM000285_tp1",-0.0346986730520695,-0.0197516063182838,-0.00369106464473354,-0.0457086918163266,-0.0175154176630358,-0.0129716018465919,4.17020480427397e-05,0.048272532111597,-0.015606676286364
"SAM000286_tp1",-0.127112440853205,0.249535557360644,0.372615318906047,-0.002556679231154,-0.018418090480543,0.000608508579338221,-0.0214726642574128,0.0520988541199907,-0.00639456226075957
"SAM000286_tp2",-0.089187814644492,0.104833117498891,0.159244295450006,-0.0275386079472222,-0.00129423878878983,0.0987650247379995,-0.0187303030912037,0.0455602659443515,0.000685093770745231
"SAM000286_tp3",-0.102705118889581,-0.0394154592762022,0.0679880603463641,-0.0281881564276312,-0.0115369009993441,-0.00833991473362924,-0.0184704652757613,0.120322663257123,-0.000519681571350482
"SAM000287_tp1",-0.0421902105404073,0.0353466106334078,0.00542987581334938,0.0957430489879336,0.00890209384026715,-0.00978615683468804,0.00318381650622215,-0.0545776852729062,-0.0112941411065916
"SAM000287_tp2",0.0261290835041979,0.0114924873231466,-0.0205088951737869,0.0739622064809804,-0.015863821436021,-0.00887835056917906,0.00197117017612605,-0.0320483764018222,-0.0129660853523267
"SAM000287_tp3",0.0557269759632412,-0.00367941355223516,-0.0349849466010291,0.0517997247671599,-0.0153438413547682,0.0120553652315032,0.0921095971290778,-0.0349187587172341,-0.0143441223984214
"SAM000288_tp1",-0.0136217836768053,0.00856090687825669,0.0240758584052423,0.0849338329808765,0.0473505631881431,-0.00813189310196543,-0.0198073903974031,-0.024275786594771,-0.00648019611231
"SAM000288_tp2",-0.0506354413781351,-0.0299719255323858,0.0181788078806178,0.0191734238888546,-0.00486401184222364,-0.00485040393625083,-0.0145958284608912,0.0463724960846297,0.00563620222488468
"SAM000290_tp1",-0.0657275093820901,0.0767129589236917,0.0337459423805519,-0.0394740629022679,-0.0308266552866564,-0.0133448892989947,0.0018663768103574,-0.0642352043974362,-0.0147042825916177
"SAM000290_tp2",-0.021475673307217,0.0329541102673814,0.00453508841583321,-0.0426010507358991,-0.0263502128854366,-0.0127471956487613,-0.00440513292554112,-0.0507753086272927,-0.0156812709604648
"SAM000290_tp3",-0.0607924138031789,0.0414820982754736,0.0183037028503466,-0.0396811669934661,-0.0289061780404064,-0.012708438977007,-0.0100664620111975,-0.0451560544228851,-0.0025414487817553
"SAM000291_tp1",0.0668404747548859,0.0331968649766558,-0.032628731992371,0.0403340848607855,-0.0216279968319559,-0.0124934618055972,-0.0134642195424272,-0.0688305438265946,-0.0137452589531338
"SAM000291_tp2",0.0157453572709652,0.0337219425111242,-0.0209597554164477,0.0563352504191577,-0.0213904270708149,-0.0114064625447011,-0.0191664758153592,-0.043331299680778,-0.0144509058261107
"SAM000293_tp1",-0.0161053727548694,-0.0422377928513738,0.00906534997951095,0.00254258728670941,0.21085229054662,0.040210112810546,0.0600448437619854,0.0271212288378378,-0.00501071037841158
"SAM000293_tp2",-0.0597783496929446,-0.0444914043349259,0.00947229831219021,0.0269553940768242,0.15950670887026,-0.00520706233579339,0.0497263671223048,0.0509239681901684,0.0131029471207231
"SAM000295_tp1",-0.00829134667078129,-0.0122746196107927,0.00434045482994054,0.0580334390631869,-0.0188421722690052,-0.00724261429407072,-0.0102549385647228,0.00583061957533266,-0.00519464948316263
"SAM000296_tp1",-0.0254608195171115,-0.0191441480879809,0.0123768996534265,0.0243661894914455,-0.0177818667487807,-0.00706125694365873,-0.0124761760728748,0.0266726199128255,-0.00456461810795041
"SAM000299_tp1",0.00933427352211113,0.00433694155109598,-0.0260853159515132,-0.0462900744524398,-0.0124800119652127,-0.0139474542549458,-0.0191853793966823,-0.0282983189130697,-0.0140595722434708
"SAM000299_tp2",-0.0186299371326274,0.0336141995156092,0.00495245106047413,-0.0457995743466025,-0.0264812819624102,-0.0110262346771007,-0.0120694927218986,-0.0358084124132663,-0.0112398481263971
"SAM000299_tp3",0.0244265566652474,-0.030799681317904,-0.0344374025943267,-0.0439861234249269,-0.0167664852537953,0.0133899647320017,0.0148972162572964,0.00154561534251337,-0.0101098295288902
"SAM000301_tp1",0.0239557226119126,-0.0116666018090585,-0.035114215063461,0.0702612234889218,0.0306849980165193,0.066203717026803,-0.0176817313035892,-0.0294138943522216,-0.0121375246492929
"SAM000301_tp2",0.024574512780151,-0.0181539718348733,-0.030828348774543,0.0308241255343943,0.056528631956629,0.0248869654579692,-0.0172827666275249,-0.0182190853989805,-0.0106716704258905
"SAM000301_tp3",-0.00861933641910779,-0.0208782701415074,-0.0083946610111376,-0.0176173358801065,-0.0235080566316074,-0.0105413016949683,-0.0122851344921508,0.0130098751213929,-0.0142054260096197
"SAM000302_tp1",0.128620579844552,0.0271795878716891,-0.0399530126424908,0.0278547335816645,-0.0231070514851356,-0.0131076169059849,-0.0215813079266703,-0.0669879225807003,-0.0157183446925739
"SAM000302_tp2",0.0603163162433528,-0.0176254482418421,-0.0400875268544432,0.0260498328440955,-0.019793203364719,-0.0120814486219186,-0.0182953825000312,-0.0163769611334249,-0.0114777735555136
"SAM000302_tp3",0.0857192782951105,-0.00836668307294684,-0.0340179956011168,0.022183045584869,-0.0172926135081445,-0.0105459026526051,-0.0122684653080298,-0.0318943592976341,-0.00937043825198175
"SAM000303_tp1",-0.052520434282763,-0.0612620522738052,-2.35865090931741e-05,-0.00739625751347735,-0.01725985285204,-0.0102174359689936,-0.00677565315534319,0.10960681002855,-0.00630208300659283
"SAM000304_tp1",0.0471123796588903,-0.0105180475387448,-0.0247239759536537,-0.0423726097230034,-0.012975188202792,-0.0125091888157726,-0.02006713847197,-0.025966833955978,-0.0129946769273518
"SAM000304_tp2",-0.0120320580215168,-0.0174926441593507,-0.0139307002661446,-0.0456973143995921,0.000677292851211294,-0.0124846174640243,-0.0229800530570312,0.016672081710147,-0.0142100659515869
"SAM000304_tp3",-0.00915329724325317,-0.0368221975236061,-0.011674884251921,-0.0415127716697078,0.0304224865878279,-0.00997405555794859,-0.0202339528485128,0.0195137572907029,0.00375141403274341
"SAM000305_tp1",0.0169478681732969,0.0271231673478907,-0.015982713184872,0.0639870159081158,-0.00243934269930071,-0.0123058737749113,-0.0227498659132986,-0.0650780655459408,-0.0155052757073702
"SAM000305_tp2",-0.00725142883467736,-0.00157368142537532,-0.0130327035166525,0.0568642631920994,0.0546908890320428,-0.00626601734357313,-0.0210267780003307,-0.0292457826906131,-0.00916236518862894
"SAM000305_tp3",0.0278426643725987,0.00992951672491254,-0.0231431145110507,0.0493839659128301,0.0338606874296868,-0.00889465578484342,-0.0212166132372528,-0.0482128659638574,-0.0141312933830583
"SAM000306_tp1",0.0124728323556827,0.00621828384358511,-0.000350397587317992,-0.0359855170900826,0.082625034312007,-0.00163933440145761,-0.0203596493979523,-0.0426913392576111,-0.0126088084478661
"SAM000306_tp2",-0.0110298716263763,-0.0284905163240157,-0.0151469992057069,-0.0414118948614649,-0.0138516771411542,-0.0102561127333739,-0.0200470202215001,0.0142961450177977,-0.00432628349191881
"SAM000307_tp1",-0.00344903792886033,-0.00611980363706942,-0.0111847137692322,0.0664623995783775,-0.000357498531401233,-0.00474003368656465,-0.0151237364344903,-0.0215536304960957,-0.0104020199073093
"SAM000307_tp2",0.0834691020047252,0.039504407968677,-0.0287282131881994,0.0304683306044673,-0.0190082743137587,-0.00604642998021331,-0.0185639630572645,-0.0678941519455524,-0.013589366557265
"SAM000308_tp1",-0.0677682757642366,-0.0357266695420036,0.0284464101372338,0.00422569056718762,0.00542805433382071,-0.00494585725695714,-0.00813491518638024,0.0261316746517047,-0.00749600552495897
"SAM000308_tp2",-0.0305775060292204,-0.0335768397633362,0.00272511999365674,0.0090989027529767,0.00859042550773096,-0.00852087663749061,-0.011965406013135,0.0427803151220637,-0.00611845485751497
"SAM000308_tp3",-0.0460544660886631,-0.0466459533622294,0.00929026285406502,0.0720965186094864,0.0175655570887851,-0.00645757769938888,-0.0049942925833891,0.0576213796032765,-0.00541133987355757
"SAM000309_tp1",0.00635883720502844,0.0213657928113725,-0.0182343814782636,0.0467991832190858,0.0290726895852332,-0.0120468626935498,-0.0231914736774542,-0.048939438285075,-0.0146041482033783
"SAM000311_tp1",-0.0133782573015246,-0.0418706947570025,-0.0139660315528331,-0.0412028096960169,-0.0107725325906941,-0.0106035879943397,-0.0039270847923768,0.0604479784142278,-0.0131346012677468
"SAM000311_tp2",0.00484437715488985,-0.0448201844116688,-0.0317133995954829,-0.0434558886241006,-0.0163245720392148,-0.011749613910128,-0.0213202480147671,0.0533189487917896,-0.011786671893441
"SAM000311_tp3",0.00437593997996153,-0.0502966886219871,-0.0371107292151832,-0.0422534513261909,-0.0138739628017608,-0.0112118093755316,-0.00557836377803725,0.0461818271848704,-0.0119718066770051
"SAM000312_tp1",-0.0183031371854665,-0.0189610605511478,-0.00443410536321464,0.059709677968707,-0.0117585949717972,-0.00799415990922672,0.0338828392582567,-0.000335844030173472,-0.00881671939681118
"SAM000312_tp2",-0.0188889233403812,-0.00346497197809918,0.00405582498043836,0.0613962427314354,-0.0137159661570756,-0.00946540728780922,-0.0144671866058603,0.00942547665168716,-0.00750277769157205
"SAM000312_tp3",-0.00262706081291245,-0.0234729330466623,-0.0105491436832332,0.064583254013652,-0.00274150659634289,-0.00884926741805707,0.0146078915248355,0.00716410031535064,-0.0108303729543153
"SAM000313_tp1",0.0888070412195588,0.0285047490796023,-0.0248573670643244,-0.0445841911563673,-0.0238592985579739,-0.0129636446296774,-0.0201625033330418,-0.0490767044511541,-0.0115517231367946
"SAM000313_tp2",0.0682845802342778,-0.00786652713961063,-0.028483122993205,-0.0451982339787985,-0.0249864486551446,-0.0137389246109903,-0.0205711417165328,-0.0348194981154774,-0.0131485451201641
"SAM000313_tp3",-0.0104541496768568,-0.0433726283102022,-0.0131877182274023,-0.0378699157335768,-0.015367023853904,-0.00575550809698102,-0.0117767127593264,0.043834321003851,-0.00452691988077112
"SAM000314_tp1",0.0135482967857835,0.00121044231468563,-0.0167071245855807,0.0123519402005403,-0.0180024151433912,-0.0100322507334648,0.0259851590663795,-0.0265489084500823,-0.0107989952722543
"SAM000314_tp2",0.00832021807500973,-0.0131032555818589,-0.00761632006348562,-0.041218011628772,-0.0101007126981259,-0.00453498878238869,0.524126166597834,0.0103883997114631,0.00627988965366992
"SAM000314_tp3",0.00783787987392425,-0.0281875896623236,-0.0243292059078963,-0.0370417443493317,-0.0204936556389333,-0.0109538543899371,-0.00256641202406536,0.00576126204690127,-0.00996866850358243
"SAM000315_tp1",-0.0488825841924045,0.0175237875131234,-0.00955051263566137,-0.0411983237122445,0.017073894978253,-0.00993535580023608,0.130904350245874,-0.0202448736725915,-0.00214422484315912
"SAM000315_tp2",0.0355648159249344,0.0252849843366888,-0.030720943340044,-0.0412222924210061,-0.0173023461001246,0.00213794223883516,0.0538933669441505,-0.0663333859447038,0.0530436089421707
"SAM000316_tp1",0.0769980583844662,0.00435726158666164,-0.030754433460662,0.0487087388146878,-0.0149129840854495,-0.00792857589731821,-0.020627104541356,-0.0450915361982843,-0.0128639590501261
"SAM000316_tp2",0.0806067769724753,0.0142462327608426,-0.040174605963695,0.00112610831278852,-0.0224208956591365,-0.00159970105547004,-0.00431702878575534,-0.0300518932806145,0.0235007750455965
"SAM000316_tp3",0.0656538811265085,-0.0220450320944457,-0.0401142566434655,-0.0366955662710501,-0.00563824308984433,0.0602700295677333,-0.017576009308987,-0.014054783508278,0.0217505719849335
"SAM000317_tp1",0.00960189502218374,0.0204939849791533,-0.0173664807620598,-0.0466009387233428,-0.0291731656217539,-0.0151078219773804,-0.0242887944967938,-0.064272738144828,-0.017132639068862
"SAM000318_tp1",0.0162307689554026,-0.0188640134522771,-0.0209586321317711,-0.0470075455617401,0.100321738097775,-0.0120903148005629,-0.0253524358930521,-0.0148590888832076,-0.0149588967362697
"SAM000319_tp1",0.0331702085835314,0.00408773258702,-0.0161489186229891,-0.0352100930179061,-0.0199234169995309,-0.0118325166352893,-0.0195774440327268,-0.0282273641121647,-0.0148246124284334
"SAM000319_tp2",-0.0143000440914351,-0.0424889835302169,-0.0202825382363338,-0.0332671893972428,-0.0168823608214217,-0.00985697818634883,0.0112785517387419,0.0397446981163851,-0.00177128861191676
"SAM000319_tp3",0.0584924500051296,-2.68957126243245e-05,-0.0276039618509729,-0.0418515751748599,-0.0189207179611013,-0.0118354958761833,-0.0174442321789967,-0.0414127632409502,-0.0136449436645322
"SAM000320_tp1",-0.0676015387197787,0.0332411977542413,0.047861284142169,0.0134765448480542,-0.0287063722740858,-0.0124736906782082,-0.0233706199526526,0.00480823112598084,-0.0134553872040703
"SAM000320_tp2",-0.0696229994776006,0.0285942417290979,0.0501460758800217,0.00794774003859987,-0.00322396350341448,-0.00932058574932552,-0.0126425273976777,0.00896731618768863,-0.0118599315405625
"SAM000320_tp3",-0.0588535905552182,-0.0237425333030652,0.0192829194133641,0.00181888005358825,-0.00390630090046426,-0.00209493879640771,0.112043024836725,0.0413307803123369,-0.00369378811333351
"SAM000321_tp1",0.0495191366444513,0.00876322755986442,-0.0215471470958442,0.0211189843618891,0.0297490965238741,-0.0114443081371516,-0.0226077644618976,-0.045003158396314,-0.0128315747300434
"SAM000321_tp2",-0.00701290273179481,-0.0344194811149511,-0.00110766686820295,0.0328276189958887,-0.00511218943495789,-0.00951503740512426,-0.0204714133364228,0.0199717472340622,-0.00277546446581394
"SAM000323_tp1",0.01317261121564,-0.00410314215278053,-0.0183833629604373,0.0500019171904216,-0.00550374950237126,-0.00585559737644395,-0.0207081132160889,-0.0165622362424338,-0.00539317683508242
"SAM000325_tp1",-0.0246374967210869,-0.00859718019222461,0.0193902813286636,-0.0382017540725803,-0.0199490839800423,-0.0113199550503347,0.00253867472342626,0.0112176922734602,-0.012770303373062
"SAM000326_tp1",0.0250202595568138,0.02339596471778,-0.0165214974940941,0.0333111565115174,-0.0162213248102388,-0.0106736124429296,-0.0085629277418718,-0.0530832341004383,-0.0111389532254978
"SAM000326_tp2",0.0139680136028743,0.00585744152471423,-0.0182261503421641,0.027843056802324,0.0251360677236666,-0.00844315042129958,0.000249221703480139,-0.0434608269179542,-0.00929180474939078
"SAM000327_tp1",0.0421653071801088,-0.00229734973983108,-0.0213715832992266,0.0910365341505016,-0.0201041154046635,-0.00971116571350643,-0.01774553818562,-0.0278383084835134,-0.0115268748582642
"SAM000327_tp2",-0.0316689541138428,-0.0425431953480729,-0.00702128708947055,0.0773585162139755,-0.013049680099024,-0.00718714939745332,0.0417535499905333,0.0364988009304238,0.00585173418601484
"SAM000327_tp3",0.00659529062571406,-0.0417278322471298,-0.0285990401128708,0.0387325996861423,-0.0124551836243805,-0.00665664809171124,0.141171593085639,0.0358557476120555,0.0491322325835058
"SAM000329_tp1",-0.0423631741580462,-0.0217868477417131,-0.00271866824768408,-0.0262155152442956,-0.0115708538802648,-0.0095247701059456,-0.02042023466223,0.0185802700695502,-0.0124604531230028
"SAM000329_tp2",-0.028342687899458,0.0207569670004146,-0.00499198640333526,0.00335845849697116,-0.0252252903265552,-0.0112046037620677,-0.0228218877371443,-0.0146148162195256,-0.0107720837463506
"SAM000329_tp3",-0.0915258894961692,-0.100590398868165,0.0167318551203429,0.134094070882385,0.0244366200523838,0.00942898065790932,0.014978652203815,0.134924431642932,0.822914789251099
"SAM000330_tp1",0.00220496846620898,0.024948564944008,-0.00404786618648218,0.0416462081522528,-0.0204856134508694,-0.0111135616250988,-0.000820297561837468,-0.0505730193989045,-0.0155767427793748
"SAM000330_tp2",-0.0159755667372561,0.025295328798498,0.00452087052522177,-0.0250677925346629,-0.0194280829402073,-0.00122947001695917,0.0454999137225717,-0.0456391958263415,-0.00719936685584421
"SAM000331_tp1",0.0708655625904661,0.0329742103882563,-0.0338044278208719,0.0423550755161505,-0.0230321603048507,-0.00936699845934849,-0.0104127084026865,-0.0596842615611074,-0.0134750860293968
"SAM000332_tp1",0.0806360355835112,-0.0136730429242925,-0.0395441604922883,-0.0442215817767175,-0.0180036580384313,-0.010592851403563,-0.00823019763172336,-0.0197762159374089,-0.0100383395546169
"SAM000332_tp2",0.0586624775959764,-0.018717257007416,-0.0388798582324543,-0.0412646675082745,-0.0221564976240939,-0.00794462850372366,0.0229356488054847,0.0019657410957008,-0.0098623475216078
"SAM000332_tp3",0.0259714980921657,-0.0413301062182171,-0.0447321374205675,-0.0391332346298997,-0.0179030358631556,-0.00955952811373922,0.0427804206811171,0.034502713013137,-0.00422511382676855
"SAM000333_tp1",-0.0119947400399807,-0.0379571697400454,-0.0125464464446456,0.0268126042965622,-0.0142040902550149,-0.00738069618034412,-0.0048663320217019,0.0286877742548872,-0.00883828413493517
"SAM000333_tp2",-0.0243705238979223,-0.0285657506640042,-0.0140871138724256,0.0160614562387386,-0.0184596777693285,-0.0108270427042667,-0.0147272452527303,0.0303007978201036,0.0185398534782099
"SAM000333_tp3",-0.0081070301905713,-0.0340921911572559,-0.0196198226282484,0.0303918372840237,-0.0113140025494055,-0.0101732181527431,-0.0129001121426904,0.0259866644910468,-0.0111635621684068
"SAM000335_tp1",-0.0170496205745376,-0.0352767005991371,-0.00666503673976097,0.00646404534876983,0.00113444911517125,-0.00963776166620046,-0.00225595524482931,0.0302409894972002,-0.00652308823098015
"SAM000336_tp1",-0.0373882871451327,0.022916596311254,-0.00663125725712724,-0.0437369991114861,-0.0248148665768078,-0.0132964270380746,-0.00501590532446035,-0.024896310791871,-0.0143681047390222
"SAM000336_tp2",-0.0438355319222674,-0.0253497381106612,0.0157374251484792,-0.0381299803482776,-0.0191795336720698,-0.00956788297687736,-0.0179188915852045,0.0298945826280004,-0.00767438662399231
"SAM000337_tp1",-0.0137150569817734,0.0400747811967813,0.0332134146636819,-0.00767391512818645,0.0124346460492676,0.0972066995892533,-0.0118113625500775,-0.0219031319445299,-0.00915301835028556
"SAM000337_tp2",-0.0525726248101098,-0.00338843259763463,0.0289475552217924,0.00702060106254397,0.0710167125895671,0.169120860002463,-0.00152856181609828,0.0307960259151131,-0.00557030853310813
"SAM000337_tp3",-0.0670086664035116,-0.0200548930434971,0.0493762007549952,0.0116433434878156,0.0567479184186117,0.1606974448381,0.0122813272339241,0.05526491167958,0.0125391330313408
"SAM000340_tp1",0.00421650698181139,-0.0332232663370461,-0.011943060379222,-0.0407312765716204,-0.0126333548232311,-0.00804161856241925,-0.0180865146623042,0.00951700924259715,-0.011071453172309
"SAM000340_tp2",-0.0365459591663057,-0.0345556622691396,-0.00290642976309246,-0.0388908149327542,0.189853954474144,-0.00789791398111024,-0.00727086539071006,0.0205340117216404,0.0887770261697186
"SAM000341_tp1",-0.028847455177013,-0.011747160648963,-0.00568025179795983,-0.0296902097487156,-0.0268626303099604,-0.0114064424414137,0.00761847542218135,0.0554720097280538,-0.0122126575358388
"SAM000342_tp1",0.0565636341357771,-0.0212707425374152,-0.0323511611652225,0.00930638644757886,-0.0125830926145921,-0.00849642193976054,-0.0217819152227697,-0.00609854622883638,-0.0139811180197327
"SAM000342_tp2",-0.00351667719482162,-0.0072574649740544,-0.0215536054993001,-0.0293181631967722,-0.0179933835589344,-0.00684617923645557,0.10237206711811,-0.0116970020611846,-0.00731086878738042
"SAM000343_tp1",-0.00929025925408492,0.00295002978143677,-0.0126679735223947,-0.0442607585390149,-0.0225578723947022,-0.0132491199706862,0.00213952303302652,-0.0127873110479281,-0.013268396267422
"SAM000345_tp1",-0.0725111459029121,0.261709640350793,0.272635434947098,-0.0282806413557108,-0.0161935687379886,-0.00727227802689319,0.00546207337231205,0.00137100533307979,-0.00834929846128186
"SAM000346_tp1",-0.00236710293314649,-0.000679569398290034,1.64009040285683e-05,-0.0422329354661504,-0.0255897263367902,-0.0114684812366607,-0.020438439666267,-0.018023275895395,-0.00959304853425223
"SAM000347_tp1",-0.03123569727173,0.00041963112324316,-0.00167737548346466,0.0657579441863271,-0.0153373131587424,-0.00698462057879712,-0.00880438353196678,-0.00331031853640227,-0.0113111681649698
"SAM000348_tp1",0.09749648208548,0.0435948597569685,-0.0388651673429932,0.0126353763254005,-0.019781472858827,-0.000572307952177693,-0.0195934312007122,-0.0762223689531353,-0.0122842977540319
"SAM000348_tp2",0.0348458483012572,0.0236876790028256,-0.00973429810044881,0.0188280664939567,-0.0166055118284862,-0.00719787453626858,-0.0168781344040995,-0.0497865606433411,0.0493197660440045
"SAM000349_tp2",-0.053790432547105,0.023262247908981,0.0471573298002983,-0.0367764008115144,-0.0168983273337806,-0.00304539518887368,-0.0129042533327699,0.044290083703982,-0.00901469336842193
"SAM000349_tp3",0.060578254445382,0.0254659269658085,-0.0103493398573864,-0.0436759473294873,-0.0277227368035122,-0.013607625014891,-0.023479985963767,-0.0352022265113942,-0.014020386740188
"SAM000350_tp1",0.0363356583495247,0.00642105911823782,-0.0265340085810772,0.0581173277519996,-0.0219791829535987,-0.010594180043809,-0.0169413916692601,-0.0248925249390304,-0.0133042864001686
"SAM000350_tp2",-0.0124736252100947,-0.0285455685371109,-0.0142319288565379,0.0270107073939945,-0.0124841834836393,-0.00951336820750077,0.00559830529742075,0.0334765239826719,-0.00396473761131391
"SAM000350_tp3",-0.0208489206578598,-0.0440038558446074,-0.0176433983813007,0.0252534898691399,-0.00743487667181633,-0.00527754328739885,0.00473978654679615,0.0594400034806554,0.102537448465536
"SAM000351_tp1",-0.0292825755219086,-0.00945049248967356,-0.00962672846743789,-0.0435334456848617,0.0363212137390632,-0.0117510218980615,0.0314727382313417,0.012259807001454,-0.0145450252315123
"SAM000351_tp2",0.0356553849817732,-0.00961896133541073,-0.0361165234961103,-0.0433536514800652,-0.015443291004277,-0.0140138833303544,-0.0193239735458052,-0.015721443012052,-0.0151438062831733
"SAM000351_tp3",0.0493354270627857,0.0230968839670956,-0.028605091896542,-0.0423969153435276,-0.022997978583624,-0.00799781273997155,-0.0200422137017045,-0.0518263920208292,-0.00873443678720252
"SAM000352_tp1",-0.0394838966726217,-0.0161572669479744,0.00454268021554367,-0.044927990684259,0.00473957662808342,-0.00167073434817771,0.0365118153380882,0.00167302385577321,0.0089872536681263
"SAM000352_tp2",-0.0439441107487061,-0.0476135348894881,0.00290988198262232,-0.0361689658402514,0.0946112991126639,-0.00583478027443344,0.0286970810201097,0.038433481092403,0.0542194135450498
"SAM000353_tp1",0.0208472519650139,-0.0133063133087059,-0.00494497851585704,-0.0435810459247724,-0.00938950782540089,-0.0100214537929048,-0.022956411054676,-0.01501664853709,-0.0143702910182023
"SAM000353_tp2",-0.0496843309570374,-0.0530423684000983,0.00815088657272961,0.00598047758341948,0.00474008405453868,-0.00535936222898462,-0.0185113147501734,0.0649395372141663,0.0117329213457547
"SAM000354_tp1",0.0424856493814453,0.024828419773441,-0.0211067226832071,0.0150927745902384,-0.0227015064737837,-0.0108025529106845,-0.0221591482958778,-0.0459518535290227,-0.0140768204079557
"SAM000354_tp2",-0.0476425295211231,-0.0648323201030526,-0.00578558084887754,0.0412046478002671,0.0933610641826882,0.000320398369303332,-0.0143182162045118,0.0903018780897605,0.0725612698873742
"SAM000354_tp3",0.0581647259444493,0.015936323955393,-0.0322965530670774,0.0134923676335845,-0.0146036853868387,0.00612049019529311,-0.020957907163189,-0.0570955437689768,-0.0124310142961196
"SAM000356_tp1",0.0708850399358672,0.0337474108152185,-0.0192486274983973,-0.0449552206642093,-0.0248212649239813,-0.012869715850522,0.00721806974863483,-0.0595076529814732,0.00146141990968683
"SAM000356_tp2",0.0354991492540492,0.0828204134659387,0.00954315005913891,-0.0462394863522002,-0.0108949533596015,-0.0142920428885068,-0.000494963929980758,-0.0774696991681115,-0.00972857359511274
"SAM000356_tp3",0.0142655034173044,0.0181218208491359,-0.00477272873605356,-0.0397471257090507,0.00685373496096292,-0.0120371908388751,-0.0205397071788895,-0.0553043003554311,0.0205975126197202
"SAM000357_tp1",0.0158454439793129,-0.00588966873335881,-0.00298301387577884,-0.0427361648577336,-0.0243355576661497,-0.0112487870447958,-0.018467016041937,-0.00392518250373411,-0.0140150548250919
"SAM000358_tp1",0.0816914314637312,0.00445933313479803,-0.0335502194727966,0.023841523896742,-0.0259210970695132,-0.0134094490510711,-0.0196275913563633,-0.0276139051369327,-0.0145258230134441
"SAM000359_tp1",-0.0449758552239349,-0.0144556490041913,0.0150170951731633,0.0338539589416782,-0.0159086657666073,-0.0104607040573377,-0.0137449977624329,0.0117761822695892,-0.0128036697394563
"SAM000360_tp1",0.0733163838890372,0.00225355995821425,-0.0332087576657289,0.027203646749997,-0.0261382874360041,-0.0134924894040722,-0.0202491933892292,-0.022405536917044,-0.0149850216761756
"SAM000361_tp1",0.0689766732492335,0.0230774380279994,-0.0384551811163268,0.0646807674301765,-0.0182824245044617,-0.00378730910252732,-0.0167617003411488,-0.0582722401663354,-0.00712806780599224
"SAM000361_tp2",-0.0182625704865284,-0.0282757863533842,-0.0121027633831956,0.0366952503161241,-0.0164756282932805,-0.00907592445082471,-0.0166530663191055,0.0414909637371483,-0.0103017173302376
"SAM000362_tp1",-0.00727844233845822,-0.00804522769770184,-0.0119876613678901,0.0409378079332812,0.00865524657937426,-0.00942577876028177,-0.0142557647972623,0.0214559831190095,-0.0120205647521825
"SAM000363_tp1",-0.00631978072093391,-0.013191219907809,-0.0168999158922993,0.0239380988983263,-0.0250953196168111,-0.011236952538791,-0.023365235874655,0.0127182640190598,-0.00594492177601375
"SAM000363_tp2",-0.0523071120786449,0.00395068382650306,0.0188016745134886,0.0461284437840616,-0.017182819312123,-0.00178704479988174,-0.0186167043683573,0.014079725860835,0.0261779788805487
"SAM000363_tp3",-0.037553245130511,-0.0404974811981125,0.00326632939527559,0.0127730531950031,-0.0129329878617482,-0.00447293917074781,0.0237873326001766,0.0480651806753995,0.0664179011322353
"SAM000364_tp1",0.0603602986523724,0.102212887679562,0.0462062232814815,-0.0385245163943578,-0.0236512491819824,-0.00926102071855191,-0.019877705574303,-0.05792460156216,-0.0132622023643102
"SAM000364_tp2",0.00866983054592249,0.0204101476752353,0.0213381167823745,-0.0370603276883203,0.0456214701834595,-0.00948305625561729,-0.0144598574173493,-0.00277575322265224,-0.0125144014273761
"SAM000364_tp3",0.0202046874711897,0.0177735501705261,0.0125374908817169,-0.0316506008382759,0.0220399779326488,-0.00876350078982138,-0.00240896238283046,-0.0169897825288179,-0.00410595011081978
"SAM000366_tp1",0.0572661585483121,0.0214003127822908,-0.0215651967181614,-0.0412555820883151,-0.0257453096345752,-0.0124762663093413,-0.00832006996307546,-0.0411928227126358,-0.0150934975194982
"SAM000367_tp1",-0.0125999535250353,-0.0131728789521651,0.00431111747076404,0.0916335515355052,-0.0148402092088779,-0.0053030309031219,-0.0110590030152119,-0.00616365496763986,0.00144003062551053
"SAM000368_tp1",-0.112501961258986,0.203352464120293,0.257945932771776,-0.00244820636162116,-0.0292565392894306,-0.00947617387816143,0.00198993674365061,0.0569643695477017,-0.00985301337211548
"SAM000368_tp2",-0.0895692278030212,-0.0106551373547365,0.084686838516008,-0.0100010941729834,-0.014912129035971,-0.00616155287329657,0.0268516168645754,0.0857934682110001,0.0134493298404425
"SAM000370_tp1",-0.0104932822701172,-0.0190130998077849,-0.0119730454377148,-0.0437451512580522,-0.0212316907429331,-0.0107509755114616,-0.00547681334115609,0.0262769519232647,-0.0143664613003846
"SAM000370_tp2",-0.0511104988412831,-0.0570366274661116,-0.00382003903448823,-0.0389163857996214,-0.0117985890093223,-0.00484372536991571,0.153025469760448,0.0920014693863565,0.0110316330217449
"SAM000371_tp1",0.00814178063109619,-0.00797724223245708,-0.0123229566550105,-0.0460575257277829,-0.0241730194886309,-0.00952433202326569,0.0105100278877106,-0.000653438381560013,-0.003688052288071
"SAM000372_tp1",-0.015627541978753,-0.0240577857442227,-0.00811092484129904,-0.0436179062899867,0.0699911342960381,-0.0110281844426918,-0.0222255220184596,0.0297474521077391,-0.0132893487271348
"SAM000373_tp1",-0.0524330370058861,-0.00523862414167584,0.0318484934786133,-0.0227070561843424,-0.0251993318909063,-0.0110888415340742,-0.0236105980070508,0.0768286850901516,-0.0137859398816644
"SAM000375_tp1",0.0496006441654508,0.0123951880805981,-0.0362976216917313,0.0405600435558147,-0.0240128122251636,-0.012454639846229,-0.0174405257282991,-0.0413797296177326,-0.0141902051715401
"SAM000375_tp2",-0.0242961715829062,-0.0346225534723626,-0.016346612842667,0.0190233849503457,-0.0149873609442891,-0.00835786302640923,0.00386575879898998,0.0485924887489217,-0.00746374196875831
"SAM000376_tp1",0.0461256110210938,-0.00136813141693901,-0.0340418673691441,-0.0379055745635547,-0.0181936904947435,-0.00829668035476367,-0.0140588072164637,-0.010931178232429,-0.0104261431217425
"SAM000378_tp1",-0.0313470957924624,-0.0162112596225221,0.0281118144112908,0.00458370682752457,-0.0193541864943046,-0.00954383412750626,-0.0102402416666721,0.0393260081585817,-0.0102922715468871
"SAM000378_tp2",-0.0406711483390697,0.00601903663242283,0.0459384794085346,-0.0299235541055854,-0.020708492960825,-0.0112459519807862,0.0062232934878656,0.0243723002635626,-0.0106410044010614
"SAM000379_tp1",0.0503592947625436,0.00214481660208805,-0.0269008440535512,-0.0131731919286145,-0.0251631163805563,-0.0120346216862392,-0.00091312625486493,-0.0210533076633393,-0.0150147264753357
"SAM000379_tp2",0.0600765620803321,0.00705071538471016,-0.0317239994336084,0.0190614412130583,-0.0235650202737315,-0.0129808857690294,-0.0176722756337786,-0.0413487977773455,-0.0157602559793575
"SAM000380_tp1",0.122783093295245,0.0610805421641423,-0.0362159173493781,-0.0459889019304165,-0.0306064351378652,-0.0150601086769426,-0.0232731092810617,-0.0809547137723014,-0.014547707815186
"SAM000382_tp1",-0.0219562466873351,-0.0255614279160331,0.00938490628957758,-0.0418175301609051,0.0321060970795164,-0.0069477778056213,0.267649545175144,0.0230329639562443,-0.00637069231454908
"SAM000383_tp1",0.0451161624333366,0.0120490855911879,-0.0279745361146231,0.0368700179047494,-0.0200456628918377,-0.000258064210322368,-0.0154877369819108,-0.0433109625549977,-0.0141835455052097
"SAM000384_tp1",0.07693543892963,0.0432408805142214,-0.0317444204314209,-0.0447957391630202,-0.02770678809376,-0.0148940633967442,-0.012851101343397,-0.0558913193888868,-0.0177191793633709
"SAM000384_tp2",-0.0997338045780648,-0.0138234958085743,0.0753553512551241,-0.0246730042780614,-0.0101797336283912,-0.00474554897644196,0.0431377509381184,0.100487723957329,0.0377166079388896
"SAM000385_tp1",0.0510680885540086,-0.00665150284379216,-0.0215892154698816,0.0639658580815421,-0.015147194955203,-0.00754700459249616,0.0373927519541404,-0.0293682586745231,0.0069525954104785
"SAM000385_tp2",-0.0379119128848827,-0.0584429944709433,0.00535228403407017,0.0562190769747229,0.00203195858455032,0.00124181487882801,0.387223632942092,0.0562982437300685,0.0574273593332295
"SAM000386_tp1",-0.0485290866337972,-0.0403211262201362,0.030781280787631,-0.0298391404162036,-0.00143984677327673,0.0181686585546259,0.0973571126870666,0.058650517985884,0.00300200241641929
"SAM000386_tp2",-0.0780488764774786,0.00398886212525062,0.0918151994000244,-0.00871502793189831,-0.00655438211836385,0.00349750067560477,-0.000915524942178814,0.0598488462412899,0.0800826106544068
"SAM000387_tp1",-0.0330046414763226,-0.0160744445545863,-0.0144497972845352,0.198402589512246,-0.0129781465125617,0.00361228088567851,-0.00902719101621251,0.0118356741130939,-0.00122464150193451
"SAM000388_tp1",-0.0148219884661537,0.072866271740568,-0.000970399352703547,0.0598016746110739,-0.0220002762627919,-0.00133643617352698,-0.0185455707205126,-0.0770667889569037,-0.0143374057986486
"SAM000390_tp1",-0.022294497691771,-0.00323636091184317,-0.00427220285344032,-0.0431035376887413,-0.0276222909440593,-0.0127738248343565,-0.0156868991648299,0.00729932502817313,-0.0144745807290583
"SAM000393_tp1",0.0748457957361783,0.0121060412264692,-0.0390726921388702,-0.0271664397097493,-0.00660217606262693,-0.00743382909411945,-0.014036928489788,-0.0645042334940911,0.015727735886189
"SAM000393_tp2",-0.0203157942299624,-0.0385843812912809,-0.00308658996498086,-0.0292477127050251,-0.00194579101769589,0.00508123662776362,0.0131071605210042,0.0202714932039816,0.186383438986124
"SAM000394_tp1",-0.0148496307646442,0.00137492302326201,-0.00549096457148004,-0.0425865872335499,0.251623886464406,-0.0107568908202195,-0.0202764875878745,-0.0163383031531393,-0.0134875787212293
"SAM000394_tp2",0.0165594863607604,-0.00913147904314126,-0.0184205883412261,-0.0275141483644607,-0.0078385570527816,0.0214173122244866,-0.0126635159325202,-0.0327341246605071,-0.00211892294057125
"SAM000394_tp3",0.0257738743053966,-0.0191802343203897,-0.0350996248279631,-0.0430429504493785,-0.0243842036580334,-0.0110246201452963,-0.0210196031823555,-0.00209702173699564,0.00391675077654413
"SAM000395_tp1",0.0126447329731789,-0.0219711301339901,-0.029581016205919,0.012826074730223,-0.0201359624436279,-0.00980354706763227,0.0146296427513196,0.024145435511566,-0.0118070271877944
"SAM000395_tp2",-0.00935911606988772,-0.0563971525031378,-0.0230604701518653,0.0120015981167356,0.0177869042235972,0.00375958865265715,0.160438966980024,0.0671711852240598,0.0392355681763695
"SAM000396_tp1",-0.00997837746228502,0.00129538492766446,-0.00937703489514727,-0.0317251671724125,0.249784828230602,0.299575393147214,-0.0178509746703365,-0.0242925968528992,-0.014421656376928
"SAM000396_tp2",0.0170017199819198,-0.010269452539507,-0.0159764156110646,-0.0348734752377215,0.223759535316131,0.305646171286108,-0.0151028230047494,-0.0255914658767983,-0.0135405033331323
"SAM000397_tp1",0.00668232880334235,0.0332614819023809,-0.00960322951201194,0.0306751176714186,0.00353197244806349,-0.00712290579309703,-0.0225378412215048,-0.0396894250058647,-0.0109130807540345
"SAM000397_tp2",-0.0444705994628801,-0.0344214508210071,-0.0119541028441269,0.0813636842997733,-0.0141928259481154,-0.00397526689643084,-0.0156060060002572,0.0556777657806721,0.00375951273606932
"SAM000397_tp3",0.050159567834044,0.0180944213038503,-0.0141385682920109,0.0403270874248304,-0.02289697046401,-0.0109410919705211,-0.0225516040086666,-0.0439787697512052,-0.00527485706606289
"SAM000398_tp1",-0.0248073968621986,0.0555164210225695,0.03199179109846,0.0332072553391777,-0.0289207218649867,-0.0127807324449707,-0.0228099180679279,-0.0147776167144549,-0.014372709909489
"SAM000398_tp2",0.0131854400244796,-0.00190860158995258,-0.0150069539304625,0.0252600249003192,-0.0220983542195616,-0.010960291209698,-0.021609557233612,-0.01850302546488,-0.0103992946113841
"SAM000398_tp3",-0.012156856667831,-0.020909611768943,-0.00827688255496053,0.0596707293644337,-0.0183974411432903,-0.00837403049680199,-0.0220286749760284,0.000769082678688397,-0.0110754247748287
"SAM000399_tp1",0.0231793668892762,0.00252476990676717,-0.0170930601308376,0.257533301359383,-0.00767346242305226,-0.0020113090265681,-0.0161677749821285,-0.0413096595155176,-0.00928108887039892
"SAM000400_tp1",-0.0491449339418094,-0.0466772244087932,0.0163129327842144,0.0672720356995115,0.0641210727724968,-0.00368239379532901,0.0903802157860302,0.0467378558890907,-0.00278553868359355
"SAM000401_tp1",0.000378104741387935,-0.0114973824017514,-0.00689178338738056,0.00965390856808556,-0.0271931310786339,-0.0124085892050491,-0.023499976537633,0.0190567809761291,-0.0145761267498493
"SAM000403_tp1",0.0188063299524638,0.0560536410910939,-0.0115508681750056,0.00614115322822549,-0.0270840198632378,-0.0139645611745819,-0.0233671268720851,-0.0740088873840893,-0.0161378930637755
"SAM000404_tp1",-0.0788540014302498,-0.0815103146651751,0.0326604642743789,-0.00619702417596835,0.00480939595217251,0.05174992412936,0.00212781393072709,0.12679188283322,0.0234520889708024
"SAM000405_tp1",0.111253884881976,0.0394641041192906,-0.0298116060115873,0.0363335438213952,-0.00502637834898212,-0.012123143454795,-0.0220477528256511,-0.067283592671543,-0.0137986158651882
"SAM000406_tp1",0.0262892823988582,0.012640909521894,-0.013624383221153,-0.0147755883669345,-0.0238599404629601,-0.00987902616395727,0.00502279934894599,-0.0310009328220993,-0.0107023005421737
"SAM000407_tp1",-0.0142854117023253,-0.026713154233165,0.00100114050750041,-0.0153956354364124,0.0189102326828227,-0.0117253211653613,0.00601338560135694,0.0291637123658642,-0.0126791442598452
"SAM000407_tp2",-0.0868637335206744,-0.0855569235633999,0.00591991112559034,0.0230028059364365,0.0533192064029734,-0.00549343336548664,0.0942319431564082,0.136687436343578,0.00163538095780797
"SAM000407_tp3",-0.0248691430056042,-0.0451815234832254,-0.00866181017168072,-0.0106961407481007,-0.0174003913230625,-0.00900483204296678,0.0340752315952015,0.0551067154158325,-0.00396208562245925
"SAM000408_tp1",-0.0201046774333283,-0.0219182070275263,0.00635848914327899,0.00909651973182635,0.100249250845075,-0.00471090727987498,-0.0114591197501986,0.00414336986154133,0.00372803112961215
"SAM000408_tp2",-0.0562446209500421,-0.0563486222155916,-0.00390795345436697,0.0520420749185411,-0.0114788604594706,-0.00597416327749005,-0.0145725375930725,0.0764421236291202,0.0217272644964648
"SAM000408_tp3",-0.0284528097512165,0.0144190516898026,-0.0174391076429441,0.0837030116168824,-0.0176717491663748,-0.00892006321436793,-0.0100460754814362,-0.0292911710166614,-0.00540117969557998
"SAM000410_tp1",0.0424777857874619,-0.0123801208642647,-0.0248627108615503,-0.00694617872061256,-0.00847752626090935,-0.00481970962552876,-0.0177361415634461,-0.0078056934996521,-0.00455440063036099
"SAM000410_tp2",0.028192279821751,-0.0199367181829282,-0.0283068642031949,-0.0063060626959235,0.0119662381891107,-0.0108762101887939,-0.0139245400662308,-0.0125740943474986,-0.0012425975945896
"SAM000410_tp3",-0.00568786463839026,-0.0289216599153692,-0.0231045337113272,-0.00222448378003602,-0.0132223212824001,-0.0101533316610469,-0.0188633841456523,0.0135629644995366,-0.00157333879684105
"SAM000411_tp1",-0.00184942696896273,-0.00643818536736744,0.0183046160129347,-0.0262448322472058,0.157490624878207,-0.00652157721899262,-0.00690321701835914,-0.0140430395080289,-0.0028405470565142
"SAM000411_tp2",-0.051543584751184,-0.0140489809455276,0.041096273190507,-0.0259291328390103,0.0236378172403009,-0.00358179687366941,0.0280559616554666,0.050700697033461,0.217634485966857
"SAM000411_tp3",-0.0313237053944435,-0.027441880889408,0.013355784127824,-0.0316654981018738,0.0612578854713484,-0.00496066882400886,0.00268816396067926,0.0298402084242064,0.137640271273407
"SAM000412_tp1",0.0448389025303432,-0.0105716629938681,-0.022565644032425,-0.0408522729020473,0.0197911721897759,-0.0106387750235563,-0.0166886154916727,-0.016592242912414,-0.0116267585483418
"SAM000415_tp1",0.134764445995701,0.0549483855195962,-0.0344090303724003,-0.0470251135039684,-0.0180226733712024,-0.0150557181467015,-0.0226962593306975,-0.0868503122813554,-0.0157260150439816
"SAM000416_tp1",-0.00924185900108764,-0.0012420943471037,-0.0131922770093202,-0.0463682944254047,-0.0239788475870344,-0.0130779217154131,0.00375804501677003,-0.00388219255853626,-0.0155968929668097
"SAM000417_tp1",0.00206888480995859,0.0235610198363554,-0.00451826507969578,-0.0445831084024372,-0.0282942246733273,-0.0143225063575645,-0.0179494462517989,-0.0192768707162826,-0.0139515667552833
"SAM000417_tp2",0.000452637223668883,-0.0226767652829473,-0.0242329211570586,-0.0429019638979235,-0.0203177536271546,-0.0123025390309307,0.00601273055688196,0.0061667470850788,-0.004773957484375
"SAM000418_tp1",0.0698299040469496,0.0171017674411997,-0.0259560496545095,0.00968291589412804,-0.0208391142295557,-0.0122353901277658,-0.0225725658403138,-0.0387949141274616,-0.0125098730650726
"SAM000418_tp2",0.0185728850496433,-0.0338525916991553,-0.0219547321093336,-0.0134007289119884,-0.0117666562648798,-0.010252928813647,-0.0185381245116864,0.0187665707445874,0.0294594086469797
"SAM000418_tp3",0.0139893225062992,-0.0290337128496649,-0.0202739088547903,-0.0120738006374038,-0.0184885919445964,-0.0107349705777783,-0.021156964920194,0.0163335515632231,-0.0084975082061067
"SAM000419_tp1",0.00133342651771363,-0.00437291331577877,-0.0301563372207593,-0.041160572142997,-0.0156540768716324,-0.000922021696975974,0.00659523272326369,-0.0102059991046423,-0.00955234251033807
"SAM000420_tp1",-0.00820192804554775,-0.0148456922010798,-0.00854187236596159,0.024794032038941,0.0457245527903211,-0.011070616151765,-0.0160603355375065,0.00394548707085133,-0.00711995079123561
"SAM000421_tp1",0.00307386707117243,0.00472513461185934,-0.000292019047745882,-0.0382586478520281,-0.0108021235150146,0.0353879746693048,-0.0232019240412884,-0.0296955412064407,-0.0131957081593245
"SAM000422_tp1",0.0462151965355749,0.00244905722410429,-0.0271237171137881,-0.00281484591341043,-0.0175384023612171,-0.00874246741535382,-0.00290964068648763,-0.0372057378073904,-0.00462841342470812
"SAM000422_tp2",0.0278826345664949,-0.0307435847675302,-0.0266850176895175,0.138442365752016,-0.00679979814576954,0.00930192345871855,0.0141645559315306,0.000474014640194779,0.0753043395551699
"SAM000422_tp3",0.0189350297069832,-0.0243306643425709,-0.0137520390082374,0.0481380972637069,-0.0115586040396986,-0.00082752084143761,0.0128597221024127,-0.00351714611582795,0.00405170891141504
"SAM000424_tp1",0.0306649007893124,-0.00437749230057706,-0.0235253240213502,0.00876145667955211,-0.0214461472634934,-0.0114139787865799,-0.0232262790660355,-0.0132179199723303,-0.00994721949588688
"SAM000424_tp2",-0.00940739311953641,-0.045958742656803,-0.0222403543462403,0.0117379269116116,-0.0167022199872586,-0.00725343216285513,-0.0169474351925635,0.0565372354985652,-0.00559728887936634
"SAM000424_tp3",0.0361263482591985,-0.00694916831351201,-0.0361924777967287,-0.010103901478375,-0.0234244620631551,-0.0128194160142959,-0.0175700006295962,-0.0284602898878768,-0.0133246919462618
"SAM000425_tp1",-0.00745203182999523,-0.0222212172255162,-0.00453954882855771,-0.0373878885729877,0.0789774155869197,-0.0108244332111217,-0.0206272648006854,0.00750696810979887,0.00634260870856737
"SAM000426_tp1",-0.0322722393368234,0.134859721616764,0.129561136934226,-0.0449558194185788,-0.0262670743513933,-0.0134910023457639,-0.0209002656207571,0.0072736038383968,-0.0071943967173215
"SAM000426_tp2",-0.0789022798081159,-0.0258610284550618,0.0386208001193784,-0.0306675087559284,0.0266921654483686,-0.00555758803076965,0.00358441854666526,0.0794881161308937,0.0468671207196674
"SAM000427_tp1",-0.0507530406191238,-0.0325964177028111,0.0143571993841751,-0.0381621166810085,-0.00058517297436878,-0.00536760316077124,-0.0165742449953213,0.0526671390156395,-0.00748287699601964
"SAM000427_tp2",-0.0613961980519239,-0.0673709258881312,0.0134713043494624,-0.0332458346196426,-0.01240183541778,-0.00831487650400393,0.0106773588954688,0.105546310075391,0.0103924098696338
"SAM000428_tp1",-0.0204132176146598,0.00384319731748217,0.00620411302225368,-0.0422614224725944,-0.0261836200506443,-0.00979840630729568,-0.0138026954124496,0.0100000633713441,-0.000427251758108883
"SAM000428_tp2",-0.0430908437354725,-0.0191563981680282,0.00711355201766883,-0.0386945088405981,-0.0139867138716881,-0.00832050147180981,0.128900066510804,0.0266818946684547,0.00522819755711564
"SAM000429_tp1",0.00180272594091187,-0.0218101474648144,-0.00184928327099139,0.00508655900836329,-0.0123793219244666,-0.00966171337514591,-0.017147014475702,0.0111077398734892,-0.013166422839144
"SAM000429_tp2",-0.0403446982768308,-0.044117751714978,0.00951939024446317,0.0208832200585105,-0.00908868766388302,-0.00642672155967243,-0.0171199394719177,0.0570696249274618,-0.0111507212041402
"SAM000429_tp3",-0.0108540823963565,-0.0274381510983975,-0.00260770693814587,-0.0121098154419111,-0.00459691974419105,-0.0107783432410786,-0.0226273828222727,0.0271392815062178,-0.0127684338388478
"SAM000430_tp1",-0.0408295005543115,-0.0195029577277474,0.0129214552384645,0.0234427606319451,-0.0207484084385046,-0.00439091590419684,-0.0222418770528544,0.0544382319349063,-0.0113179192803915
"SAM000431_tp1",-0.0205103649751299,0.0016990744412954,-0.00212836764246303,0.0110940917212126,-0.0228047478847371,-0.012838917725099,-0.00137250477198172,0.0242944316435142,-0.0138313001066334
"SAM000431_tp2",-0.0250007119741635,-0.0255048881817494,-0.00171958524704325,0.0168308519039553,-0.0180046269128889,-0.0101688110716752,-0.00231352883527703,0.039904051980861,-0.00587400158832853
"SAM000433_tp1",0.0327908299552641,-0.00688651553491591,-0.0165575016717767,-0.0372862661196929,0.0011558296091906,-0.00706812690958326,-0.0207141947575112,-0.0160394697695645,-0.0144458427351864
"SAM000433_tp2",-0.00448650871761162,-0.0289689865091295,-0.0206154281819716,-0.0311466639830724,-0.0179690683415595,-0.0101999936967128,-0.0156001744135935,0.00777230207807796,-0.00135242052482267
"SAM000433_tp3",-0.0518030080144825,-0.0546746547475244,-0.00213697460333662,0.0119517859351896,0.226539386172383,-0.00181186730178667,0.0401013739770833,0.0557159302570227,0.0313971704888609
"SAM000434_tp1",-0.0290921922432263,0.0587292945232444,0.012583029740641,-0.0397876999478365,-0.0302899619510463,-0.0118924869358527,-0.0206327622584277,-0.0615219738361501,-0.00901210320195872
"SAM000434_tp2",-0.0404003893913608,-0.00244677941454593,0.000714848842768346,-0.0315361930837341,-0.023200604381941,-0.00967376743676713,-0.0207409170311528,-0.0103873806565058,-0.00541046435488269
"SAM000434_tp3",-0.015936769756936,0.0510268479035702,6.34977822817723e-05,-0.0449933572332771,-0.033392206644332,-0.0154417540786616,-0.0236253128776754,-0.0621460327462542,-0.0127444403862997
"SAM000436_tp1",0.00449675244231554,-0.0257906723688767,-0.00472857783725117,-0.0441863023311902,-0.0163160533697379,-0.0112112583939735,-0.020490191233746,0.0182884516250127,-0.00468771414082115
"SAM000436_tp2",-0.0447231309645871,-0.0625053559393534,0.00684625094782419,-0.0418123160136622,-0.00816618609258475,-0.0074352147116601,-0.0199361835693248,0.0929140487226313,0.0117683417833283
"SAM000439_tp1",0.139031124049462,0.0360112374059393,-0.0403498662035043,-0.040851797626748,-0.023065760433331,-0.00423461722120341,-0.0173916026726854,-0.0623870159879885,-0.0112247919761368
"SAM000440_tp1",-0.0378323679226965,-0.0169502180044958,-0.00772610104935564,-0.0445292001622792,-0.015159739465176,-0.00313073807540876,0.0206098078560064,0.0428201970040622,-0.0112039775765492
"SAM000440_tp2",-0.0270766888298071,-0.0381050767625122,-0.00882643684518237,-0.0399825664893752,-0.00512052828381126,-0.00966230064754224,-0.0056173316888698,0.0457059282304187,-0.00719314968877878
"SAM000444_tp1",-0.0622575976725731,-0.0232343111807102,0.0420194973092345,0.0851706389382232,0.0127827433986591,-0.0081701120130501,-0.01879914277705,0.0541555173959651,0.000195885903148313
"SAM000444_tp2",-0.0678369828133695,-0.0126294035238062,0.0537549781168412,0.132843880601075,-0.00504704491924495,-0.00621766178974959,-0.0215502377459978,0.052859759249972,0.00118455422597098
"SAM000445_tp1",-0.0510202122987824,0.0641887772790082,0.0744112704569004,-0.0392293599923962,-0.0292864066009452,-0.0112899138900475,-0.022682576569384,0.0189890333341618,-0.0100474908181954
"SAM000445_tp2",-0.0816797848065995,0.00623621227115239,0.0598841034817307,-0.0384394037150776,-0.0226437736622978,-0.00996453264568609,-0.0207234832246752,0.0622284164175082,-0.00207524992384927
"SAM000446_tp1",-0.0936651657819746,-0.0717160060233759,0.0511501100121131,-0.0166151652419587,-0.00870574869310814,-0.00760470471763347,-0.00288094290800004,0.11994161466676,-0.00352496179173916
"SAM000447_tp1",0.0215842985125381,0.0198604716246625,0.0063452857023538,0.00482250514927984,-0.0071785090767205,-0.0120701807745686,-0.0178985889003789,-0.0384424312694456,-0.0112022509137616
"SAM000447_tp2",-0.0203828757630042,-0.00533012221254209,0.00537525958585994,0.0062658434065923,0.00339665269365747,-0.0099873793814978,-0.00578890185390306,-0.0139936028879006,-0.0103347593943845
"SAM000448_tp1",0.00118085689225564,-0.034318830123381,-0.0273718473936293,0.00090022898284338,-0.0109271097001928,0.0155191138562918,-0.0104868137500145,0.0371967690293978,-0.00752139099133681
"SAM000448_tp2",-0.00995955409088957,-0.0417074111753184,-0.0230444523503763,0.014001658621697,0.0716808874311658,-0.00823027030483517,-0.00515646478845899,0.0444058419170973,-0.0112936821810099
"SAM000450_tp1",-0.0462346126936367,-0.0228060657098556,0.0397720388745195,0.0502597076936282,0.0226953280570395,-0.00889559627542863,-0.0164055342116868,0.040797079159226,0.000768951575422159
"SAM000451_tp1",0.106997312373343,0.0284101370826996,-0.0321307829827239,0.0532378671077841,-0.0127068887573665,0.00418803366883625,-0.00914707570419511,-0.0643074142982974,-0.0102993926937078
"SAM000452_tp1",-0.00302743097583413,-0.0059783012000825,-0.0156507828214397,0.00239417509966271,0.0470276477100288,0.234628260874108,-0.0229524668910411,-0.00328247256514625,-0.0139499765493737
"SAM000452_tp2",0.00022941059674062,-0.0300222712537711,-0.0245294590899119,0.0137314503662001,-0.00889610719379661,0.0229900369101655,-0.0170685543509348,0.0220503117016642,-0.00911629130376638
"SAM000452_tp3",0.0152990561379308,-0.00337525357273648,-0.0299910346980812,0.0241477870541327,0.00505099690893455,0.0835266406222112,-0.0104252410887171,-0.0254902531895747,-0.00728522262896785
"SAM000462_tp1",0.0464839993278837,0.00843154889853848,-0.0356415672889048,-0.0455679304183033,-0.028784076903376,-0.0148479064013672,-0.0133630956481811,-0.0265503036838523,-0.0164559188631894
"SAM000463_tp1",0.0574916608895442,0.0379173154049121,-0.0239986460569008,-0.0316778860355417,-0.0291681432770439,-0.011400493436859,-0.0199215813532596,-0.0616059331548509,-0.0147821994242786
"SAM000464_tp1",0.064247820906479,-0.000786849138269953,-0.0251135821697223,-0.0393942660462701,-0.0179003496739864,0.0175745428297081,0.0447641342093407,-0.0235195910389668,-0.012824420333372
"SAM000471_tp1",-0.0316235024103539,0.0341916088130019,-0.00131084960580383,-0.0381825091001984,0.0121958202347125,-0.0116258495096379,-0.0206394793733328,-0.0440772758528519,-0.0145422836437602
"SAM000471_tp3",0.00523441135062933,0.00323620479750756,-0.00589648634968782,-0.0318651113246262,-0.0215696045880032,-0.00688149060114189,-0.0201034665727303,-0.0375706163210351,-0.00210872804671994
"SAM000484_tp3",0.0116918671439789,-0.027774956464684,-0.0297870648435111,0.0256958009067966,-0.018332965902416,-0.0104187387404834,-0.00505839093840736,0.00653556794044303,-0.0101666021767131
"SAM000217_tp3",-0.0328232701066522,-0.04586736410043,0.0029395490416695,-0.0329968893239821,0.011595189400549,-0.00818965526288241,-0.01323396471681,0.0590178751107823,0.0061193781388637
"SAM000462_tp2",0.0496274363934358,-0.00964937923878504,-0.035437917805961,-0.0433185900456748,-0.0235735235782136,-0.0129474126547744,0.02779965706824,-0.0193356372723154,-0.0119155921212915
"SAM000466_tp1",-0.094374795766881,0.0577761605831344,0.111802325245785,0.0230174160581052,-0.0186483709065493,-0.00737922526678759,-0.00282340062827262,0.0741590058359801,-0.0101043151695237
"SAM000466_tp2",-0.0941169295663245,0.0244856282523634,0.0919360155951758,0.0964479982067095,-0.0164606658038079,-0.00685933409206943,0.0220763604131875,0.0727136387265317,-0.00872025420652108
"SAM000466_tp3",-0.0355561667186087,0.0017967414728864,0.0331181261500135,0.127086312525787,-0.0143557023979328,0.00350825103804206,-0.0171712700429142,0.0319428183275161,-0.0101966519426243
"SAM000470_tp1",0.00560799502480297,-0.00978331955961359,-0.00446547601339379,0.13319167345596,-0.0140304336522076,0.00212717185680941,-0.00439863037812708,-0.00915637858593317,0.00764435053389117
"SAM000470_tp2",-0.00605374797066736,-0.0147861732189497,3.02458609133975e-05,0.0879335868118276,-0.0117702380609281,-0.00638112022041393,-0.0115506675947989,0.0043060734641931,-0.00503429716375006
"SAM000475_tp1",0.0362661539467996,0.00982876260927758,-0.0159329014916043,-0.0403379150460949,-0.011997925342829,-0.00406775456244603,-0.0235633346410698,-0.0416716006162074,-0.0148976697677637
"SAM000475_tp2",0.00781958651937215,-0.0013490314452732,-0.010234927685761,-0.0398057894944172,-0.010788672100647,0.00383686700804748,-0.0192314128150615,-0.0269962433483682,-0.0101632747699441
"SAM000476_tp1",0.0357017418050866,0.0364722491764161,-0.0136721515519282,-0.0328645973856843,-0.02558844295832,-0.0108793532911777,-0.0216013427312797,-0.0465248757462051,-0.0110387500449026
"SAM000476_tp2",0.0246483386746601,0.015228813228442,-0.0188634569799086,-0.0379092443626704,-0.0238359510439443,-0.00973083120375249,-0.0230219170406446,-0.035932383474728,-0.012077054110282
"SAM000476_tp3",0.0772940933246546,0.0295458544334181,-0.0319280700871369,-0.041908497579935,-0.012585021877384,0.0486197130302442,-0.0238788967460753,-0.0676215391740727,-0.00924283020979106
"SAM000477_tp1",0.101740439155389,0.0354842783683934,-0.0435440114270102,0.0199305774958372,-0.0200021557327487,0.00364975172021804,-0.021976252466242,-0.0678787673171575,-0.0129159047208549
"SAM000481_tp1",0.0896807677661891,0.0212113439388281,-0.0324945176288292,0.0421631835535186,0.00944309012971457,-0.0124117536343215,-0.0224953375291759,-0.0535834837781892,-0.0150591321591752
"SAM000481_tp2",-0.0167500324507933,-0.0460317538214267,-0.0195114950059567,-0.000396504848216353,0.0498135209127176,0.00642853801537116,0.0689059370122321,0.0625979687387939,0.14674138992531
"SAM000481_tp3",0.0875659910058423,0.018830643061048,-0.0519235569138721,0.0197458016264766,-0.0112411319710351,0.0391368757037834,-0.0167299261334705,-0.0621950442404699,0.0834233353922665
"SAM000484_tp1",0.0442544870883348,0.0151424332796397,-0.0158800599389025,0.0270730395706253,-0.0224172223929698,-0.0123781964284441,-0.0104823289416026,-0.0271919849348191,-0.0140422737137282
"SAM000484_tp2",-4.10945955299673e-05,-0.0246708612461154,-0.0187921867022973,0.0203598041552672,-0.0129183377250256,-0.0102455309988903,0.0148574321922862,0.00576713314047021,-0.00971551352164441
"SAM000485_tp1",-0.012567246165675,-0.0166272346339848,-0.00386787885213671,0.0201532115180238,-0.0110466731490372,-0.00805224510678603,-0.0132747123520855,0.00988170920748484,-0.0114594208204205
"SAM000485_tp2",-0.0297723363680383,-0.0552178003375204,-0.0162406226811733,0.023474723384475,-0.00745414827437438,-0.00590537175588255,0.0391239804967227,0.078887666493432,-0.00661792119493006
"SAM000485_tp3",0.0594393630101552,-0.0102269755029406,-0.0312503021077445,0.00935749956478157,-0.0173404731013609,-0.0116064781070528,-0.0185768502070723,-0.0280534683414902,-0.0138632657565833
"SAM000487_tp1",-0.0435377719668278,-0.00794762901480523,-0.00737983778498313,-0.039678576799127,0.00101490565693239,-0.00959908280457773,0.0337744664467774,0.020288548685106,0.0168953610815319
"SAM000490_tp1",-0.0523760255536873,0.122681562322885,0.122861002120289,-0.0270498101596292,-0.0207503145511509,-0.00461055939244621,0.0222305813985818,0.0107532351689386,-0.00924494372315242
"SAM000491_tp1",0.0119676177121813,0.0171762894329099,-0.0103424988603439,-0.045449729584721,-0.0243640124054694,-0.00666033320811209,-0.0191621175149628,-0.0219074373245298,-0.015397083756686
"SAM000491_tp2",-0.011702587088074,-0.0203142839353093,-0.0134811221635083,-0.046086477037351,0.0043187831969159,0.0326249396793607,-0.0109993256947069,0.00585033802503692,-0.0134173152172539
"SAM000495_tp1",0.00210167138637393,-0.00906422005808227,-0.00887284692323643,0.0326022374419907,0.0788227999566565,-0.00266643138515357,-0.0227565235903977,0.00437554055726013,-0.0146649748049973
"SAM000495_tp2",-0.0601987454464814,-0.0501607124946541,0.00784650288829528,0.0293291144587997,-0.0133718205591156,-0.0048030603300321,-0.0152388778771858,0.0951956264009398,0.00555611617652795
"SAM000496_tp1",-0.035974993750025,-0.00411950990108672,0.0342409006911978,0.0541402453392492,-0.0222647579791794,-0.00990297100528039,-0.0129336475305548,0.0203075619671987,0.000493378641411409
"SAM000496_tp2",-0.0668275415486942,-0.0365320768273209,0.0256795185214881,0.0351628444819599,-0.00621585389210258,-0.00849003361424357,0.0177966272975205,0.0564725686101124,0.00530713693089831
"SAM000497_tp1",-0.0153960504553266,-0.0208670677221755,-0.00442082587881075,0.0508759850564816,-0.0178709367254763,-0.00857213286601037,-0.0222925905943834,0.0138516525079504,-0.00892557459582426
"SAM000497_tp2",-0.0597577116642897,-0.0540342007153611,0.0228332580148304,0.013174191635719,-0.0158729816824768,-0.00639385568001369,-0.0209749229594342,0.0756395543155972,-0.00221262187251846
"SAM000497_tp3",-0.0205522377322721,-0.0393762410182385,-0.0103548824437566,-0.00903139526639707,0.0598739920497457,0.0739460633991156,0.00839061302595181,0.0369497742819176,0.00675019174009807
"SAM000498_tp1",0.0155601973233423,0.0873070285639387,0.0606765385627641,0.186665403126858,-0.0114084664903082,-0.00938663261032323,-0.0190729314525155,-0.0144870767151969,0.0014999653328503
"SAM000498_tp2",-0.0713464012661855,-0.00367349047197691,0.0496556399081407,0.128994429814242,-0.0122074099773685,-0.00507419737033771,0.00634553711700625,0.0748327614218577,0.0213513889569096
"SAM000498_tp3",-0.00479021656882852,0.057296710208836,0.0502242217972044,0.164006482474285,-0.0185796275422843,-0.00867686851580596,-0.0154051174258639,-0.0022354831623289,-0.00519166417503027
"SAM000499_tp1",-0.0258811133028015,-0.029079660537948,-0.00390023488616329,0.0288066072481683,-0.00309638781370244,0.0112198764795225,-0.0138918459261069,0.0287912448807638,0.0424859050204224
"SAM000499_tp2",-0.0608239242566181,-0.0324427075032633,-0.00575619962274274,0.0188844863589629,-0.0109988582211003,-0.00815187893474285,-0.0105697522214713,0.0362429009314564,0.0507508299312065
"SAM000499_tp3",-0.00424528090679457,0.00145932438060776,-0.0151544944044393,0.0105080437103367,-0.019634602830878,-0.00792072131557157,-0.0194207766825177,-0.0227565871955315,0.0118192822313699
"SAM000500_tp1",-0.0884745799901681,-0.0947108877782245,-0.00817521263880488,-0.0371203482272533,-0.0118827001876188,-0.00901486042043904,-0.020232803566706,0.215605284583792,-0.00390902683863656
"SAM000501_tp1",-0.0349972790457304,0.0946519697015746,0.10876000158923,-0.0158219906554292,-0.0130022326218573,0.0184585618640323,-0.00509899429146872,0.00973141899916362,-0.00712892327780374
"SAM000501_tp2",-0.0300499624034381,-0.0164624599273477,0.0371765136955041,-0.00456536388497673,0.00541898072278957,0.00414382264344054,7.93488289612545e-05,0.0282979309174163,-0.00674352089128694
"SAM000502_tp1",0.0189526294704591,0.0080182934833618,-0.0233085494324243,-0.0396476760238927,-0.0123284213365233,-0.0119204437689619,-0.0217620043594503,-0.0259719701344484,-0.0151030788262463
"SAM000515_tp1",0.0510338567124041,0.00279862778447045,-0.022923481953021,-0.0430356611803315,-0.0219685428026581,-0.01293337437122,-0.016042700332005,-0.020496356860776,-0.0154761344808115
"SAM000515_tp2",-0.0189517942994293,-0.0394968009287539,-0.0117188286476966,-0.0359499309966245,-0.0064010722849477,-0.00891623376554786,-0.00741138086226163,0.0453570823038537,0.000948310129795796
"SAM000518_tp1",0.0152601172477394,0.00219395278983343,-0.0298269362870826,0.0143496434828367,-0.0193925275164999,-0.01015696974097,0.0121332542008712,-0.0186609499091619,-0.0115186133950046
"SAM000518_tp2",-0.0303169334880704,-0.0168295906788931,-0.0166791826332157,0.00374005982027031,-0.0179179053690754,-0.00636893075346495,0.188881768337045,0.0101513552479619,0.0119101272315979
"SAM000523_tp1",-0.0570316061432116,-0.0279534840393827,0.0314010076253916,0.0304932273602711,-0.00604250791187261,-0.00980418670899641,-0.0196322033378712,0.0545392780973364,-0.0111715417180977
"SAM000523_tp2",0.0240166469592013,-0.0196291015312717,-0.0154459084446971,-0.0350057856933354,-0.0185344326573759,-0.00311321406582064,-0.0133768700929503,-0.00643527247421029,0.000803895226926283
"SAM000524_tp1",0.0542149928626409,-0.00772965940952726,-0.0326559756670926,-0.0363251484926102,-0.018006791575571,-0.00868075045102894,0.122548254024727,-0.0100423594078327,-0.00767596878171491
"SAM000524_tp2",0.00982886854412343,-0.0465806964558503,-0.0308948357022404,-0.0280554094087293,-0.0108216912114056,-0.00564366305753755,0.0408661625477999,0.0463225357420468,5.14417587188518e-06
"SAM000526_tp1",0.00556030444595164,-0.0205526539482787,-0.0227351223374528,-0.0366068684290768,-0.0186222868633167,0.0017806210039715,0.0410459961190469,0.0234825423115689,-0.0071119866307447
"SAM000526_tp2",0.0698368776930883,-0.0121116696466647,-0.0426656074489423,-0.04376527644481,-0.0234808987404938,-0.012664012886466,0.0293701867461277,-0.0218284743940338,-0.00840318146819097
"SAM000527_tp1",-0.043991616386714,-0.0168802932716446,0.0232731835797101,-0.0405997813995091,0.052919193295443,0.313330490060022,-0.0144165693067992,0.0493696061440666,-0.00769730728595079
"SAM000529_tp1",-0.050798218712258,0.0392759725297896,0.0515759583956265,-0.0312720594912917,-0.021000558992681,-0.0108961927226285,-0.0209089464512692,-0.00126881190528114,-0.0120546187293843
"SAM000529_tp2",-0.0776288587910855,-0.0364742853146355,0.034589308860067,-0.0280016402557537,-0.0186733855521296,-0.00881367274356414,-0.00745328159610548,0.0771352398676626,-0.00156663469262782
"SAM000530_tp1",-0.0430102494741325,0.011217780979397,-0.00900116418811108,-0.0319326282137598,0.0165730433772288,-0.0101671319411267,0.00308655737560838,-0.0119598780017805,0.00344313780451929
"SAM000530_tp2",0.0129753977824905,0.00546624449428433,-0.0230465099544739,-0.039576035999568,-0.0209964427726292,-0.0108192410293838,-0.0137653581978943,-0.0347155691564078,0.0595954599392108
"SAM000535_tp1",0.00560293842638012,0.0248456747465848,-0.0132656656646907,0.00736086878294214,-0.0239025527662408,-0.0124411615286716,-0.0210912001958022,-0.0264647319609597,-0.0156066954628147
"SAM000536_tp1",0.0333016369918653,-0.0123680166442448,-0.0197994512302889,0.00737016435574566,-0.014354004457956,-0.0122748580211095,-0.0103766070706491,-0.00376091724697198,-0.0114431437548469
"SAM000536_tp2",0.0206060848782505,-0.0434882453753036,-0.0308061617597953,0.0469625049408224,-0.0160386636960036,-0.0109950472910408,-0.0178455962552028,0.0209412299037335,-0.00632260549888106
"SAM000537_tp1",-0.0312004995689121,0.339082348627799,0.321932909602129,-0.0142121607177396,-0.0225107928857555,-0.0109984256490765,0.0373027511100242,-0.00714048920436553,-0.0129397445237518
"SAM000537_tp2",-0.0614095860900584,0.369689812149358,0.411070566345341,-0.034983863291389,-0.0232783759260773,-0.00928223300686132,0.0525013321980138,0.0136497681771674,0.0112592679667364
"SAM000538_tp1",-0.00983915613686826,-0.0201447889214581,-0.0221250388507916,0.0196550409349946,0.0253351906140012,-0.00887549346205841,0.0248080461208718,0.0214698944440019,-0.0116236320916229
"SAM000538_tp2",-0.0205498472652054,-0.0444523743426938,-0.0195059200763341,0.00930180905594714,0.00313969033823512,-0.00846298037385888,0.00547081667075323,0.0504251536269772,0.00419206681984192
"SAM000539_tp1",-0.0369595390273164,0.0543428937423845,0.0839592120589125,-0.0357452813343358,0.0400641508925582,-0.00802011975787325,0.0086613674048602,-0.0296711358310798,-0.0124354085502696
"SAM000553_tp1",-0.012611940117024,-0.00721146920366074,-0.0104244814568208,-0.0449517329241267,-0.0139610937802577,-0.00907944987323189,-0.0207345443502895,0.000280620015136932,-0.0125186024256135
