"","Metabolome.magenta","Metabolome.red","Metabolome.yellow","Metabolome.green","Metabolome.black","Metabolome.blue","Metabolome.turquoise","Metabolome.brown","Metabolome.pink"
"SAM000203_tp1",-0.0126441254849801,-0.0624581700129645,-0.0110923533993788,-0.0395706900572688,-0.0478840068975644,-0.0386295005649805,-0.00720458511557873,-0.0671848723566099,-0.118448322914573
"SAM000269_tp1",-0.0409213682418358,0.0111779109524555,-0.0250288292117412,-0.0252101275036055,-0.031809514052206,0.0034738968792005,-0.036541482763883,-0.0264157871849963,-0.0129634969331171
"SAM000268_tp1",0.0292781273216255,0.0319777766727118,0.0140529110346865,-0.0292274175470718,-0.0253929724067336,-0.0306448357060547,0.0139946431179421,-0.00476471264005791,-0.0165693751036704
"SAM000266_tp1",-0.00882167246494571,0.0456535914830468,0.0470372080365369,0.00485296792973788,0.0246354979860484,0.110607330424067,-0.0259504405672744,-0.0260756994431029,0.00958894853845639
"SAM000257_tp1",0.0148862843983621,0.0741812855312162,0.0110386861212395,-0.0215541369129999,-0.0571635542997351,-0.0480929935858813,-0.0165516607992927,-0.0774746114868954,-0.0123112505350401
"SAM000260_tp1",-0.0281485200466102,0.08639226593627,0.00489361252302522,0.0425292355429842,0.013480862777136,0.0112417496249166,-0.0413680916487594,0.0316999677952226,-0.0396219373079729
"SAM000259_tp1",0.000835801139217021,0.00667873744924652,0.130076920520784,-0.0151914821531828,0.0166331884961823,-0.0267648813140631,-0.0344690395620364,-0.110860673321618,0.030685983534298
"SAM000253_tp1",-0.0410397681802151,0.0166328590915616,0.0217102195654265,0.11189137688022,0.0299180071954901,0.275862380388551,-0.0330336325447796,0.090247197288676,0.0718211912461668
"SAM000254_tp1",-0.0353763925260285,0.0837784877793484,-0.0311986199709938,0.0023657274211308,0.0336505258750019,0.092195673948799,-0.0355130008671322,-0.044473179501598,0.0214611055165054
"SAM000258_tp1",-0.00611103516816634,0.0464087584145086,-0.0237715903855311,0.00931037834753236,-0.0353853451259307,-0.0185379294498088,0.0619012700523471,0.0156854721291943,-0.0524173956872457
"SAM000247_tp1",-0.0103827262278407,0.0778127796350981,0.0795011637912299,0.00727557236492955,0.034894330672358,0.0716712211094845,0.0200391864014551,0.0265089244423181,0.102835451778916
"SAM000256_tp1",-0.0387860019107825,0.0523262916148261,0.000161199736367603,0.00228618671721735,0.0443269305943387,0.0409645068611833,-0.0506141727671271,-0.0438394792217108,-0.0694943904476024
"SAM000249_tp1",0.000458035367540426,-0.0100183725755962,-0.0209674098676455,-0.00960158361449551,0.030158495885145,0.0001487860767072,-0.0479506650920632,-0.0665046689745825,-0.0273612755892943
"SAM000248_tp1",-0.0364021545814305,-0.0313646498914101,-0.0139658252508333,-0.00443072467914499,0.0519731919222078,-0.0151516848092463,0.0344308699604042,0.0626689685306268,0.026844855367101
"SAM000246_tp1",-0.01859611447676,0.108574642933872,-0.0499531485435065,-0.0171577034544164,-0.0224016213801548,-0.00406778674480375,-0.0437583619110045,0.0375845876976556,0.0321018125171631
"SAM000237_tp1",-0.0353416467189856,-0.0798635976930537,0.00298755728791084,-0.0326587612417806,-0.051155361469883,-0.0597610166325872,0.0110422868445901,0.0410911797358541,0.0341476455027609
"SAM000241_tp1",-0.016897194483375,-0.0324718348674905,0.0445488006695391,0.0519809177179603,0.0498551602270438,0.0868733423255047,0.0164317216412833,0.0704571744317219,0.005385580041847
"SAM000234_tp1",-0.0261206549704861,0.0271360685237207,0.00594417688311458,0.0234130184803504,0.0568996908150474,0.0776028165763003,-0.0323908753005719,0.0139890698879664,0.00602165226954895
"SAM000250_tp1",0.0327539535938899,-0.0323799216848878,-0.0623182606073741,-0.0530880605076185,-0.0644279782464663,-0.0875064194164091,0.110794774916178,-0.0110483968950181,0.0212957601955279
"SAM000236_tp1",0.0553224677080206,-0.00692999995764459,-0.0528499791138867,0.00391810537983034,0.00840698732656918,-0.0107097445561784,-0.0118847751094605,-0.00061850186317473,-0.0203178792644588
"SAM000213_tp1",0.00731853003989264,-0.0686518592064837,-0.0577081668621718,-0.0448579401967584,-0.0657304789050362,-0.0714351604602628,-0.0104627044188366,0.0266062368489505,-0.00295305708090036
"SAM000245_tp1",-0.0246509858842819,0.0328539982387164,0.0795298397994678,0.00248275511226641,-0.0197893121090467,0.0290394535915397,0.027543994253184,0.00842333944514629,0.0158922208062441
"SAM000201_tp1",0.0378789043154536,-0.0299302941713192,-0.056514378193926,-0.0227681681888953,-0.0211760267464489,-0.0053207910376205,0.0192847480209517,-0.0344213085535793,0.027300341643119
"SAM000204_tp1",-0.00204598625645391,0.0386644886042539,0.0421270391598075,0.00940671828581392,0.0925112606777008,0.0298080435343959,-0.0202669289478055,0.0507248627276082,-0.000229851948624937
"SAM000208_tp1",0.0388849346983928,-0.0604782355791743,-0.00925575319097887,0.0656881804007406,0.0360465965568065,0.0442846828979438,0.0385334981281343,0.0473202426849065,0.0938050726343276
"SAM000261_tp1",-0.00147944603183532,-0.0450048199703851,0.0552335178449519,0.0119221074835734,-0.0171724821675487,0.0203502594769319,0.0214126518195851,1.40448423835344e-05,-0.0443528669694203
"SAM000255_tp1",0.010813192926955,0.0073970172919405,0.101238049699817,0.00926197638374511,-0.00908343876061356,0.0480259480353884,0.152075649921598,0.0468417757673973,-0.0134441039748674
"SAM000251_tp1",-0.0172698985152157,-0.0609662720734402,-0.0580115886502603,-0.0191152217848924,0.00298874868053943,-0.0293191824152522,0.0441101379193433,0.0446034101909254,-0.112820939086548
"SAM000290_tp1",-0.0402019482761029,-0.0801153733137228,0.00364027337189509,-0.00691521759568818,0.00905964900908518,-0.0340397669622309,0.0144862463049349,0.00866687028978125,0.0415077647549567
"SAM000291_tp1",-0.0223528914669713,0.041381370405398,0.0215412044985356,0.0497589181738321,0.0777675802379745,0.106102177429782,-0.02368395153718,-0.030684117040521,0.0459719185353742
"SAM000272_tp1",-0.00371385213395404,-0.0419057631356945,-0.00549034877486036,-0.00564314695125007,-0.028820411345291,0.025387152768751,0.134970787970725,0.0864466333156738,0.117717228852296
"SAM000288_tp1",0.0506946215383312,-0.00171892348389674,0.0192184933233416,0.0430157312811978,0.00466260680931061,0.0338027170749526,0.0548911951207284,0.0208691375748635,0.11180129034552
"SAM000265_tp1",-0.0155739401720047,-0.0358550542221222,-0.0437613236474826,-0.00730838394288081,0.00570149157469783,0.0196976941327615,-0.0353268201984963,0.0404564826656519,-0.0659833688134343
"SAM000284_tp1",-0.037662412283756,0.0474351879895851,0.161131423392714,0.00356799063240993,0.0287648328730964,0.0613144224536663,-0.0388938818860702,-0.0354681749134143,-0.00320928416986109
"SAM000263_tp1",0.0299169725068839,0.0373927601807285,0.122316084106572,0.0251041232881481,0.00161013199878769,-0.00259825601722585,0.00551674213574147,-0.0402797444149416,-0.0036250228288393
"SAM000286_tp1",-0.0166846220638484,-0.0384380774007837,0.00697635626651217,-0.0174842736212621,-0.019931342769913,-0.0177745936347833,0.0562048001189223,-0.0715748096735837,-0.00014050721673602
"SAM000281_tp1",-0.0224114808245862,-0.0233794171987946,-0.0190194417467486,0.0400666509177686,0.0361277444968524,0.105463558641089,0.0330274399687032,0.109831509676833,0.0108792524986047
"SAM000273_tp1",0.0625533911227541,-0.0353887007943524,-0.0382236515147965,-0.0131059158833154,-0.0143000094355631,-0.0272730452354106,0.0300648411904486,-0.0451186561326318,-0.0216636497973538
"SAM000287_tp1",0.0302242346604135,0.109015871288052,-0.0338359962110161,-0.0135406098412189,-0.0210863923752234,-0.0693560394863056,-0.0398243404953444,-0.100098170137169,-0.0253378986858889
"SAM000280_tp1",-0.0398629911775753,0.0168660809273312,0.0851633603385862,0.00196226168277224,0.0917915338279788,0.0672237125604446,0.091822135663378,-0.000520934889251267,-0.0925130375498607
"SAM000270_tp1",0.100520933077724,-0.0428577373331548,-0.0446154170622503,-0.0064433422942404,0.0156552997748262,-0.00646309169394281,-0.0476038204050953,0.00827529154867047,-0.0369541543836634
"SAM000275_tp1",0.00648135168474571,0.0693930697594329,0.104620861828807,-0.0142555150914955,-0.0279611792521204,0.00568825670324849,0.0255788725076862,-0.0536266504574112,0.000978698424053847
"SAM000279_tp1",-0.00644106051885584,-0.0670426067167925,-0.0215726663231709,-0.0084378277561203,0.00666147574885862,0.00916807269890788,0.0167620162751732,0.120049753580723,-0.000911679828855111
"SAM000380_tp1",-0.0271594090386507,0.0541978141524243,-0.0212656068221107,0.0145808117683103,0.0724011737394106,0.0113418841881438,-0.0133475566198793,0.0211619068081694,-0.0310943718775261
"SAM000395_tp1",-0.0271283988318249,0.0350471725878995,-0.0223306201731607,-0.0108827942353635,-0.059818871623012,-0.0245633639422655,-0.0414484201489573,-0.0337750508655771,0.00620927423129589
"SAM000370_tp1",0.045227950883543,0.0192121002935177,0.0509956951407946,-0.0297185890900425,-0.0503859109060981,-0.0394380144471788,-0.0434266715301064,-0.13762700618109,-0.048963103779174
"SAM000387_tp1",-0.04901773547748,-0.0594841162077287,-0.0297307205644203,-0.0139230263453026,0.00854767279730902,-0.0432118326829663,-0.0499585039005771,0.0461609065542942,-0.0175590468322471
"SAM000367_tp1",-0.04794253415565,-0.0113373509799077,-0.0154677451702232,-0.0262079692980129,-0.0137645566745592,0.0120138285745585,-0.0445813748831088,-0.021056042229382,0.0082942933525969
"SAM000388_tp1",-0.0412003911591057,-0.0138898731260697,0.0377303244710978,-0.0164046279783316,-0.000438889978139638,-0.023890174892874,-0.00303637121710672,-0.0707112762775523,-0.0268168086673776
"SAM000366_tp1",-0.0224383618181353,-0.0200149372953908,-0.0231750386026667,-0.00761694629823207,0.0843070939788249,-0.0219007772720604,0.0401331939924786,0.105418771759784,-0.0179306338667391
"SAM000384_tp1",0.00238820195468835,0.124951276645456,0.0537880227251408,-0.0144324891444726,-0.0349059995406361,-0.0133006036629079,-0.0278472359117149,-0.0451271337038337,0.0203719048947099
"SAM000371_tp1",0.0646713629982495,0.0913498953459355,0.019914466490522,0.0484821094777372,0.0295941608730523,0.0926619142241025,-0.0420120408440276,-0.0179739241546224,0.00306826089212392
"SAM000393_tp1",-0.0156826344233282,0.0113124595307835,-0.0552572909619908,-0.00529206920237474,0.00928632371161612,-0.0138028811022082,0.0413820434956372,0.0476557145205033,0.058995158747831
"SAM000372_tp1",-0.0326465153598448,-0.0552678816852114,0.0362425586442951,-0.0454943447652249,-0.0745990331135459,-0.0800833957573451,-0.0655650734229733,-0.0492316689155059,-0.0641068877188559
"SAM000216_tp2",0.0867785395951508,0.0306494830739047,-0.0408960887884784,-0.00349997403566937,-0.0390887754180918,-0.0182880210199407,0.0527806098135991,-0.0666160332039978,-0.00529936315883926
"SAM000373_tp1",-0.0301924532546149,0.0136792791475788,0.0554071282432413,-0.041047111053435,-0.0624544523397144,-0.0738738353054899,-0.0161135852793249,-0.038259818367606,-0.0302387241722608
"SAM000378_tp1",0.00380556600270304,-0.0372389353130703,-0.0367343690590905,-0.00922038323238824,-0.00542380312551915,-0.0385066068233372,0.104924892935942,-0.0163941462723921,0.0355133648988272
"SAM000368_tp1",0.00301929980677586,-0.01967659161072,0.00788041483589948,0.0400307326843705,-0.037926191571988,-0.000695463691609092,-0.0152947809235162,-0.00764722340895778,0.0378835939222156
"SAM000382_tp1",0.00897233996765189,-0.0284626431254442,-0.0614253511729856,-0.00163506684614513,0.0139858438736367,-0.0101847423874028,-0.0253012602381678,-0.0111984374762485,-0.0100732590369364
"SAM000364_tp1",-0.0378332189212661,-0.0295969493578718,-0.0277572086028326,0.077498991318521,-0.00558173978047638,-0.0479841553084297,0.147425044063486,0.0497926808908418,-0.00833568094531997
"SAM000379_tp1",-0.0316621525139618,0.0393512683146671,0.0667773813775045,0.00346256021118558,-0.015790355440906,-0.00621992285422693,-0.0275176144114134,-0.0129238197003806,0.0552296098531517
"SAM000362_tp1",-0.0351315817702536,0.0582083579146931,0.00340953111401958,0.00260841473771575,0.00899241585877796,0.058957803527427,0.0967008651811149,0.0826062361828521,0.0400760077528493
"SAM000383_tp1",-0.0021179770051471,-0.0375549603231085,-0.00180027733407864,-0.0438824720893062,-0.0556459220756218,-0.0569214041737999,0.0737377693835153,-0.0449832002915324,0.01750907374602
"SAM000343_tp1",-0.0258862120330054,-0.0644624272589117,-0.0344219174717708,0.0354742908308877,0.0127117925489645,-0.0576120919318672,0.0258632575908618,0.000180386105623631,-0.0173600274823825
"SAM000348_tp1",-0.0415965567985709,-0.0244729391276904,-0.0499926303931283,0.0117800971248461,0.0138539916963482,0.00927184915644143,0.0486916763904458,0.0163283075653006,0.0447401366491284
"SAM000302_tp1",-0.0135206005530054,0.0238113706846532,0.0111989481408047,-0.0107454321494801,0.0123778630724007,0.0180555670908995,-0.0227291544610453,-0.0186217879799913,-0.0245752193080658
"SAM000311_tp1",-0.0447579251295397,-0.0272227130019631,0.0639294974038555,-0.00893586399574436,-0.0144845589030485,0.0170726114096287,0.00579215587474079,0.0378395147872102,-0.010183249465112
"SAM000342_tp1",-0.0342297755536557,-0.0136540692289253,0.0808153897507311,-0.00175557285851456,-0.0396112688717518,-0.0201859875763445,-0.0198991982697561,0.0781033133929777,0.0298078576738328
"SAM000347_tp1",-0.0153835346855766,0.0213658005262746,-0.0160752105156895,-0.00142329768649649,0.00660820688664182,0.00291077285885342,-0.0157556769708318,-0.00832006504355917,0.0154149929270605
"SAM000341_tp1",0.0405425547761708,-0.0195301744571992,-0.039223474479683,0.00122986048787474,-0.00812903006440078,-0.0440824833750143,0.0495853542349096,0.0136325214966996,-0.00215080634547945
"SAM000277_tp1",-0.034485514367083,-0.0850142873712249,-0.0657218741907871,-0.0297124743563281,-0.0261487523725747,-0.0207438046491667,-0.0347504126322046,0.0428941628510324,0.0227801865819831
"SAM000349_tp1",-0.0245604447457895,-0.0064031836657054,-0.0372328605468325,-0.0192735323313248,-0.0160852214114159,-0.0400536206476041,0.0281688591302481,-0.0105881898886833,0.0421249931588909
"SAM000357_tp1",0.119491347310614,-0.00578936455589869,-0.0689174441756475,0.0051221784661687,0.134192976127023,0.0229886916010131,-0.00321268207098718,-0.0561747111374468,0.00308207047171646
"SAM000350_tp1",-0.00277645426510593,0.00599643498382821,-0.021527442291453,-0.0162307400805184,-0.02271736153858,0.0239933809550102,0.00649697105307565,-0.0752887194438238,0.0100698289489
"SAM000356_tp1",-0.00597897553226942,0.0534376114947343,-0.0276114314260036,0.058810153231219,0.0693003343776198,0.112934280795998,0.0298858971990425,0.0772010703006264,0.0329994499917635
"SAM000326_tp1",-0.0164788528985539,0.0489567615387675,-0.0350630183446981,0.0127890832028195,-0.00670441005682485,0.0549480719831496,-0.0016255076246627,0.142281208415767,0.0246003094032041
"SAM000358_tp1",-0.0148462535584161,-0.021808075175356,0.0985035317585392,-0.0269308834664749,-0.0754736862341702,-0.0370262648786739,-0.0128968540731796,-0.073949169385551,-0.00267910665854895
"SAM000351_tp1",-0.0327228483325549,0.0341497410220406,-0.0254143048100927,-0.0131537096523687,0.0461935268068157,-0.0343422129113635,-0.00584108864023779,0.00693787018519239,0.00208649852037366
"SAM000360_tp1",-0.0325705685476336,-0.016772005475927,0.105057041697318,-0.00520851855152619,-0.009206653212724,-0.0037579731200102,-0.0420053824910721,0.0121836252299142,0.0279957389350993
"SAM000208_tp2",0.00581421991828929,-0.0688101774917825,-0.0331609836872954,-0.0198274248518763,-0.0341532169834932,0.026407262178706,-0.0166243433549294,0.0972084370788526,0.0403217472536861
"SAM000361_tp1",-0.0280502883812944,0.0315155423207685,0.00329766855645908,-0.0266247198625917,-0.0375871364643415,-0.0601054312487754,-0.0409157772814349,-0.0257846420717563,0.0214075835814946
"SAM000331_tp1",0.00989315679938026,-0.0642948419105491,-0.0420085202443289,-0.0164333767455153,0.0120857420697949,-0.0394576033519517,-0.00967395432150105,-0.0225758867927412,0.0020706405901874
"SAM000363_tp1",0.0144362572920602,0.0162197079019374,-0.0126101172930073,-0.0311623564715237,-0.0715975413028775,-0.0526057920804441,-0.0130012908516887,0.0238976032230314,0.0125217711381184
"SAM000201_tp2",0.0922103755714426,0.00589416532500395,-0.0562813602787459,-0.00489673852890725,0.0333235881512041,0.139475143540724,0.0155919285707583,0.0277307369382272,0.111595044829186
"SAM000314_tp1",-0.00421414622226978,-0.0156209965629316,-0.0366477212559188,-0.00675394542382014,0.0457642304954452,0.024824379678083,0.0816634163059905,0.0495196635976117,0.0222479815805984
"SAM000315_tp1",0.0283569323878613,0.00840736928546242,-0.053698083818612,0.123746212239459,0.0365375151556519,-0.00872803902139842,0.0149770473309953,0.00730390404796015,0.00275286864183761
"SAM000301_tp1",0.0614153906648212,-0.0140547951687832,-0.0268552896813924,-0.0170816143632162,-0.00549559017619988,-0.0096822019639355,0.0469763826667132,0.106288608147375,-0.0159665450702382
"SAM000295_tp1",-0.0270532329566149,-0.0208889733010558,0.0223648500316373,0.00389424724818061,0.0339595260735577,-0.0192389180997958,-0.0181480341659081,-0.00973835307443917,-0.0347572285782079
"SAM000327_tp1",-0.0373080892318677,0.00339937198929509,0.0135120299333527,-0.0224091345037731,-0.0234340219489864,-0.0368088294747825,-0.0418429164720572,-0.0059535825276327,-0.0477518582232598
"SAM000325_tp1",-0.0262818087284919,-0.0150296517927994,0.0475157949390878,-0.04776873232247,-0.0822324002688911,-0.0822162722136005,-0.0481526217358767,0.00429633629927839,-0.00169109408343776
"SAM000296_tp1",-0.00264953405808683,-0.0593456800159407,0.0215176290978341,0.472158242183853,0.00723257245502316,0.0107626089277517,0.0412080005053278,0.098831514115073,-0.0173911139135574
"SAM000333_tp1",0.0199860099983306,0.0615195208909295,-0.00612257163258,0.0821624362004461,0.039545104323228,0.0367481849126048,0.00241245489177933,0.1309729813739,0.13256148530538
"SAM000217_tp2",-0.0108296646458272,0.11247503104434,0.141871370461073,0.0200420191050333,-0.0555222686971354,0.0224248149322629,-0.0585782619351043,-0.0795058462954299,-0.00808229662136748
"SAM000337_tp1",-0.0116701846216843,-0.00739306101043669,0.0171436751927761,0.026823082440102,0.0916384577335879,0.117500566669631,0.0926303888453407,0.0556707792767442,0.14824521816052
"SAM000329_tp1",0.140482119164439,-0.0508198124413817,-0.0568915776680379,0.0119268109238896,0.0274202169172055,0.0353649182262426,0.00575584318621448,-0.00342037392191673,-0.0343634825825915
"SAM000335_tp1",-0.0103391075022523,-0.0589328646581476,-0.0364648758116999,-0.0104907348558282,-0.0608105455538241,-0.0410128465237247,0.171279542019293,0.0746471612794824,0.0840527372043855
"SAM000332_tp1",0.141161987461898,0.0136419293465099,0.00836369843104427,-0.0056605752727115,0.0192295092167084,-0.00390236312186484,-0.0184622839673942,-0.0347925029337224,-0.0313024149105466
"SAM000340_tp1",0.0471734742005535,-0.0651038205759239,0.00166694314194682,0.000555881997134742,-0.0283076433040476,0.00279292572439115,-0.0300648148989397,-0.0106783232371752,0.0763428868363118
"SAM000336_tp1",-0.0319193827732539,0.202204425038797,0.0254480709468875,-0.000405155334688312,0.0103326782305121,0.00699484940643334,0.0215420107436092,-0.0475549292713096,-0.0169668221098045
"SAM000316_tp1",-0.026660887521529,-0.031179699273277,-0.0308078687019383,0.00853421117007028,0.0322867115855217,0.0656589362286632,0.00878675474278068,0.0306206629865865,0.0135852112942248
"SAM000330_tp1",-0.0368013723617934,-0.0271384882419191,-0.00596497687439262,0.00618566483939396,0.0349070607438748,-0.023551895260541,-0.0350301473365877,-0.0045196163357864,0.0393954254440513
"SAM000345_tp1",-0.0259420510178446,0.0142089594610168,-0.0560980407181662,0.0534664212329977,0.0451631093114703,0.00153463057768023,0.000416839783049789,0.0257918989013049,0.0221898638095056
"SAM000346_tp1",-0.0321248341034208,-0.0612591527711057,-0.0326560990283364,-0.0209774990888429,0.010307911401484,-0.00562190209643493,-0.0533325277715774,-0.0339684662745916,0.050077280817536
"SAM000312_tp1",0.00542208360563976,0.0155517414552856,0.112637099521715,-0.00685451620825132,-0.0648436290609557,0.0287451220658166,-0.00637759638417303,-0.0693438361786571,-0.0271593681271142
"SAM000293_tp1",-0.035919831289073,-0.00190008656028251,-0.0205778493490576,0.114647066890265,-0.0107120807609912,-0.00106402896730702,-0.00251446789675328,0.0637657305410523,0.0520237795454556
"SAM000323_tp1",0.0408220605421357,0.0141636215844424,-0.0404240300204095,-0.0388698646297187,-0.0838972201262938,-0.0600994749943398,-0.0263548582415809,-0.0746023425060164,-0.0118062859772938
"SAM000320_tp1",-0.0313421462968017,-0.0368482838916284,-0.0540121176911761,-0.0495296100365056,-0.0896388085859554,-0.0685218346580939,-0.00929858988288916,-0.0630770246635556,-0.0135129792295102
"SAM000318_tp1",0.00786432401211722,-0.0500716523351672,0.0591091616025163,0.00154361486832203,-0.0497620673136887,0.0164658401322805,-0.0482578608914915,-0.00301895010611235,0.0092611740439966
"SAM000317_tp1",-0.000473294122645153,-0.0323194724899968,0.11592250438304,0.0035727956942201,-0.0258914028219852,-0.00336635404335713,-0.00474938225568197,0.0564156067317154,-0.0207902832288758
"SAM000309_tp1",0.00553950065378406,-0.0367189400159208,-0.05973663197154,-0.0172424238161174,-0.0139983984935982,-0.0364421696234179,0.0529561038530116,0.0286940968828713,0.0576302919610426
"SAM000321_tp1",0.129121486030176,-0.00956919913527361,-0.0113431035462357,0.014984119324484,0.0761626123872119,0.0689517794253023,-0.0371197194330612,-0.0413177063380717,-0.0499997924640127
"SAM000307_tp1",-0.0115205585530551,0.0365149737436328,-0.000756076080755494,-0.0122445064182471,0.0153915786776831,-0.0266646312570612,0.00543116410733204,0.025607740043478,0.0686934588430434
"SAM000308_tp1",-0.0402051536952328,0.0177593221457145,0.0142696559612461,-0.015117984482674,-0.023580687066908,0.00504103041686711,-0.045592370556287,0.0317738139743499,0.0198272620214488
"SAM000282_tp1",-0.0376987750066144,0.0392857311967088,0.00620207175039417,0.00104679771708832,-0.0279279481454749,0.0262907670821249,-0.0209316075153663,0.00307911141685493,-0.0505018650205422
"SAM000283_tp1",0.0124456432485427,0.000658823756169405,0.141924340934314,-0.0222417459126485,-0.0477486926669006,0.00298616516749811,-0.0340896836704616,-0.020785083000655,0.0194966276073212
"SAM000305_tp1",-0.0202352491275405,-0.031703478203485,-0.0145889830987487,0.00306960752793138,-0.00611694522468464,0.00305499549596712,0.111319832405495,0.0376398232066755,0.0652391137742544
"SAM000303_tp1",-0.0239559882852638,0.0416794583893689,0.0307375873491115,-0.00123326786665081,-0.0422015642796101,0.00300952409713001,-0.0334961173829798,0.0208083259569378,-0.0180362635714476
"SAM000306_tp1",-0.00781556386455622,-0.0295655422206042,-0.0158544912828216,-0.0194725763230702,-0.042794131712004,-0.0177277527477953,-0.0368072696229065,-0.00970811024291024,-0.00857394604472328
"SAM000299_tp1",-0.0306224516012143,0.0120582359805134,0.00886242055658044,0.00245657012197389,-0.0014138294003656,4.40062751944597e-05,-0.0534543194909044,0.00366412309790474,-0.03094439786154
"SAM000304_tp1",-0.0382258934272623,-0.043049617985198,0.0675476566287242,0.0135222051235479,0.0984999553770854,0.230690117616841,-0.0336033732812748,0.101191800946227,-0.0387145020997216
"SAM000276_tp1",-0.0295653162575189,-0.0483201925104281,0.00243606585350184,-0.00839113372988303,-0.0391678915868543,-0.0187268654506329,-0.0114380931358712,-0.0459165626219466,-0.016255369409768
"SAM000271_tp1",-0.0119566662371792,-0.0299076702291183,-0.0426156972181558,0.0495807248091137,0.0554992290142045,0.0626783162154432,0.0366847225641887,0.0737304713293653,0.0530618760274494
"SAM000213_tp2",0.004544223440618,-0.0911729823729766,-0.0769211146174535,-0.0231280041885206,-0.0619303963642036,-0.0603681617623406,0.00181290818964877,0.0369652757072328,-0.0110799540584314
"SAM000210_tp2",-0.0339993040705963,0.0197057236076361,0.0786058937492634,0.00967449842168292,0.0566323362949208,0.0870303971521285,-0.00557756044359106,0.0802826110109238,-0.0265396410227955
"SAM000285_tp1",0.0271826085666437,-0.0193364948949714,-0.054032745504237,-0.0260551024705986,-0.0175056070726898,-0.0600520634606145,-0.0143736888275491,-0.033546876888945,-0.0495518868763351
"SAM000415_tp1",-0.0147806608451128,-0.0516961006479221,-0.0343218697496786,0.00105589639557433,0.00485702881076848,-0.0104194501514693,0.0666800954828535,0.098217665284074,0.00397821042935056
"SAM000240_tp2",-0.0199926508854429,-0.000362137540337272,-0.0211832267359036,-0.0123118168396771,0.0258178596019475,-0.0212798472604893,-0.0247980876040545,-0.0159622636441134,-0.0413727649629057
"SAM000433_tp1",-0.0240943453080102,0.02377903178274,-0.00223678923378444,0.00902745394784679,0.00616310684355476,0.0249568972297866,-0.0358836072120119,-0.00245951187732095,-0.0243230086983082
"SAM000439_tp1",-0.0276770783073069,0.0140901667870951,0.0469439494147552,-0.0128768016229574,-0.025058492979765,-0.0182738322019654,-0.0668515112935787,-0.0192834928816258,0.0365998899078971
"SAM000319_tp1",-0.00719541075518647,0.00810403616187177,-0.0677665329597521,-0.00399680846176391,0.0446627181924717,0.0303011675115953,0.155232334952645,-0.0768144123219524,-0.0399256759507402
"SAM000246_tp2",-0.0318093292876991,0.00461903146627659,-0.0546378784346415,-0.0164504800837592,-0.00183622925328393,-0.0274031444863805,-0.0513032926580246,0.0338299172113438,0.00750095791265497
"SAM000431_tp1",-0.0192819984441924,-0.00617051312138576,0.058148978952159,-0.024384831653689,-0.0226902894837312,-0.027709369446199,-0.0530987639464043,-0.0395041386887393,-0.0351993260499916
"SAM000440_tp1",-0.0198339223333027,-0.0390881915156477,-0.0343532138148676,-0.0380793729688032,-0.0733975325722166,-0.0756233093482902,-0.044171316818074,-0.0838300809507666,0.0570272310453496
"SAM000428_tp1",-0.0166547509854306,0.0469197551399612,0.0394053180660197,0.0531955549208122,-0.0159512387388638,0.0151653982066388,-0.0605632488810145,0.039382055546041,-0.0540929248181284
"SAM000422_tp1",-0.0263406840314321,-0.0529805057292493,-0.0310093009230905,-0.008909338268526,-0.00879293801662263,-0.00776924352299252,0.0640485403640095,0.0232518569618328,0.0603988155112034
"SAM000429_tp1",0.0016023151234589,-0.0611382264435389,-0.0390715923520445,-0.0264028271352791,-0.0681119830298426,-0.020660782024334,-0.0273567566141018,0.0358907124156175,0.0238267941930777
"SAM000376_tp1",0.000290739053094004,-0.0109544122257697,0.0634803683414112,-0.0377983662513977,-0.078844044313165,-0.0737256706053885,-0.0189085247705448,-0.0688545689414184,-0.106825525212481
"SAM000430_tp1",0.0238076831300859,-0.041095459477098,0.0161382802285455,-0.0323528886512236,-0.0266233524681208,-0.0383208744661626,0.0132679365372206,-0.0592470694924421,0.0233573449399137
"SAM000436_tp1",-0.0239995012136626,-0.00616852940265462,0.0183690469686807,-0.0053023311349569,0.0175536413300171,-0.0015261336022136,-0.0516830902643306,-0.0243337661851419,0.00140786410554665
"SAM000421_tp1",0.00869727919055701,-0.0599527906185111,-0.0780398783441678,-0.0260945410516129,-0.00159707988027014,-0.0429573002301289,0.0803203266134924,-0.0546378139315434,-0.0570040030039994
"SAM000427_tp1",-0.047071951893599,-0.017194569047251,-0.0577041200554248,-0.0167503455542112,-0.0312653263499553,-0.0270044594295295,-0.0521314070230242,-0.0371974440505202,-0.00531154837560351
"SAM000227_tp2",0.0391301605720657,-0.0292349314399068,-0.0493987971803818,-0.0260681846988503,-0.0357293660632857,-0.0446455544867086,-0.0286539041402344,-0.0129789496496152,0.0194991225582885
"SAM000404_tp1",0.0194265225921735,0.00827380748983936,-0.0440859687645687,-0.0264861601673749,-0.0146756837528537,-0.0400377713135141,-0.0590539783078666,-0.00653356980258365,-0.0433907371462196
"SAM000410_tp1",-0.0273514480459288,-0.021154329192309,-0.0069047400014544,-0.0243500780739444,-0.0120432609332187,-0.0400223398401672,-0.0339507867454588,-0.00543243379873849,0.00556290815981015
"SAM000223_tp2",0.137523958748231,0.0364388889055539,-0.0266593710290567,-0.0409102076582062,-0.0714762362937501,-0.0640329764361978,-0.0139800887591744,0.0523485933484496,-0.0468502512482434
"SAM000313_tp1",0.0202545102557104,-0.0723815479766324,-0.0559422887813547,0.015631038752065,-0.0474215732774499,-0.02967760157662,-0.00146169602063318,-0.0437540514888517,0.00610972314434976
"SAM000211_tp2",0.0587629046186794,-0.00426590012918683,0.039235893763899,0.0107203260973465,0.0106390182066215,0.0210008235069015,0.0140195616263193,0.0825064023754297,0.00376890120136155
"SAM000412_tp1",-0.00430248676275928,-0.0471018677657238,-0.0188217318478855,0.0109790871674751,-0.0114332749284552,0.0159364229437281,0.0199772678828242,-0.026484055767119,-0.0440629452618292
"SAM000425_tp1",-0.0240749942890697,-0.0537704326655057,-0.0608017202787677,-0.0254952496395832,0.0587693154483181,0.0664001376634985,-0.0321107931021346,0.132310388054653,0.0115621438273112
"SAM000352_tp1",-0.0395337922751664,0.00677395155677456,0.0152234767774038,-0.0122119749209023,-0.0348297689033356,0.0471900266931916,-0.00976603744289252,0.0381998906427336,0.0184553827772284
"SAM000426_tp1",0.0605947464677838,-0.0272651618483745,-0.0485296153318935,0.000904077015223283,0.00403005061602579,-0.00868420041850097,0.00619318996328231,0.0913187118054831,0.00942066699118115
"SAM000420_tp1",0.0963959340366712,-0.0555208058474362,-0.0768607962402093,-0.0182736643813509,-0.0386521910918039,-0.0214757891531305,0.0418109270923632,0.019315082643072,0.0489317996028518
"SAM000417_tp1",-0.0345498580637881,-0.0167141829579764,0.0261319559724336,-0.0209932514275398,0.0136811953628577,-0.036386168754452,-0.0254273724127929,0.0860292354714703,0.0367584410797978
"SAM000411_tp1",-0.027488473796266,-0.0270170133895875,0.0515400774354296,-0.0101310560042921,0.0479411288523999,0.0523092694301702,0.00218303040483724,0.070036771743472,0.0948526852029832
"SAM000419_tp1",-0.0312327332023608,0.0491726834834977,0.042739875301317,0.0214477399027034,0.070747308687932,0.007863259354724,-0.0452515422998777,0.0182196873258905,0.0264842157950572
"SAM000205_tp2",-0.0420252280879771,0.0205686169841191,-0.0270366685383479,-0.00977979448196821,0.00682023684826747,0.00470683035759439,0.023578218229631,0.0459887020789686,0.0146317935659942
"SAM000424_tp1",-0.0293664487622711,0.0186561297207102,0.000938905702597394,-0.0389422807685506,-0.0619473663142599,-0.0490150027498663,-0.0469483472123684,-0.0269901467683898,0.0577651996503229
"SAM000353_tp1",0.029225455414753,-0.0646264677853466,-0.034511585873329,-0.00530379318124607,-0.0221756559355368,-0.0205748343518434,0.0252355417836192,0.0165739685142826,0.0310408143493832
"SAM000202_tp2",-0.0223340703071846,8.95304481470231e-06,-0.0379156241696742,-0.023026069776351,-0.052731838103378,-0.0413430269872435,0.0179699908069812,-0.00628071852448242,-0.0348134516986039
"SAM000401_tp1",0.00876959044427744,0.0934050945730409,0.0725669508921038,-0.000112792251950908,-0.0398309258052992,0.0324204242152822,-0.0270824357470873,-0.0664848729083582,0.0922794369432272
"SAM000416_tp1",0.0303126535096829,-0.0261775391120826,0.0368522825625104,-0.00191417230593541,-0.0604942024137864,-0.0221745823201432,-0.0496511295143699,-0.0229515824821778,0.0221737880443356
"SAM000394_tp1",-0.0181001911176128,-0.0176364929953866,-0.0605285398985734,-0.044569634188721,-0.0646745902386451,-0.0480411676192969,0.0799510529303936,-0.0137661670603532,0.02186823754043
"SAM000418_tp1",-0.0145067080798683,-0.0491248265375433,0.0118137729387955,0.00269787175780459,0.0492333182926591,-0.00334245521772088,-0.0344318061873245,-0.0157584959724095,0.00565624982340185
"SAM000396_tp1",-0.0372806074734415,-0.0762376740631203,-0.0441085087095383,0.0024447593172152,0.0219517962268482,-0.0211776528797295,-0.0166147342648662,-0.0278142634716288,-0.00474135777587124
"SAM000407_tp1",-0.0333549865777092,-0.006415205309131,0.0152814286083707,0.0183628343621997,0.0254236828060021,0.00485326047399208,0.0188674053190567,0.0204869645571548,-0.0408954837295245
"SAM000220_tp2",-0.0266288017947503,-0.0366247256552362,-0.0269124523711951,0.0258947402157088,0.03608706575044,0.0680723732303751,0.0347334907611594,-0.0404641058024658,0.010826332261291
"SAM000359_tp1",0.00399039500294932,-0.0285867022271687,0.000952838684718722,-0.0319410884657465,-0.0958915633320873,-0.0432655721494453,-0.00312918569897036,-0.0168024220498935,0.0198970836238711
"SAM000390_tp1",-0.0363666141453729,0.162497129036611,0.0507219866650661,-0.00152790023899897,-0.00846771122381907,0.018879989644177,0.00261349952608646,0.0280665986464811,0.0740009659245699
"SAM000354_tp1",-0.0117774922031318,-0.0830881856348632,-0.0396590534163714,-0.0191511759399257,-0.047919846052189,-0.0498082762211662,-0.00696943161663298,-0.012111720575232,0.0421002265851982
"SAM000400_tp1",-0.0129736326497799,0.0106332902481869,-0.00726862606579717,0.0934998381823802,-0.0302839142669051,-0.0312019469301354,0.00379494982678777,0.0353757678447382,-0.051746952927001
"SAM000399_tp1",0.0728620818677383,0.0286059942620069,-0.0057893841080739,-0.0253553331583276,-0.0742173472765131,-0.0547736930904183,-0.0117879587812473,0.0081406940688741,0.078729807803201
"SAM000405_tp1",-0.021346125828995,0.00303540080554968,-0.00803360665412642,-0.007326265864805,0.011482550602484,0.00749655783103604,0.168965853552598,-0.0277591228335102,-0.0108847098504235
"SAM000398_tp1",0.0185406914260688,0.066686965115837,-0.052225365689141,-0.00771788474335946,0.0208455189326356,-0.00255697115933057,-0.0435451912276126,-0.0319318219045753,-0.0309204879524425
"SAM000406_tp1",0.0540824253516907,-0.0115581117417607,-0.0233639699955223,-0.0178908846907801,-0.041129219297259,-0.0442992361168272,0.00735173316356449,0.116588681864337,0.0872744033533577
"SAM000212_tp2",-0.034385242740769,-0.0364923865875782,0.0105432702984384,-0.0239510007621575,-0.0214417083794401,-0.012537194567608,-0.0141713121803317,-0.0660876314514348,-0.110427728781037
"SAM000397_tp1",-0.0247413553191568,-0.0221408358635788,-0.0588710339566427,0.00531563179703247,0.00886850665435738,0.00739795952045586,-0.0303258719125193,0.0505863643844319,0.0581124009387256
"SAM000375_tp1",-0.0179972630811758,-0.041340454618092,-0.02341761373037,-0.032017312390052,-0.0292506529072861,-0.0491760400286218,0.014379669232474,0.00778150112593725,0.0129025675335128
"SAM000203_tp2",-0.0155065236206786,-0.0305971616535018,0.0010663767564014,-0.0293806586800595,-0.025181878701921,-0.0370244121829942,0.0102792507044641,-0.0568813627821827,-0.0686346588119648
"SAM000250_tp2",0.0159946887403956,-0.0615796842764879,-0.0685310542719983,-0.00993064385938563,0.0479446828466274,-0.0624658849162743,0.133810579256574,-0.00400115085709201,0.0476194398095506
"SAM000470_tp1",0.0098184778041837,-0.00804370509684117,0.0579950481463506,0.0273719178716946,0.0845309385398591,0.0446163485884369,0.0229957345027471,-0.0131787540095901,-0.00565045604959442
"SAM000467_tp1",-0.0188029730627027,0.0193436598741984,-0.0153396209575976,-0.017729780860515,-0.021157990071907,-0.011174621779791,0.0366097009724443,-0.0482198178514428,-0.075261867738351
"SAM000466_tp1",0.00683147221799213,-0.0472325043703834,-0.0319484401093545,-0.0170347048183587,-0.0456783864795496,-0.0427547608331069,0.0124314150621688,-0.083709596607077,-0.120621302474859
"SAM000236_tp2",0.029334391868664,-0.00560639284381658,-0.0486942560882413,-0.00248110276636419,-0.0322007834095964,0.0228754175774074,-0.0126317690036622,-0.00559548026586511,-0.00957119716581805
"SAM000256_tp2",-0.0189679826555965,0.0271033181151307,-0.0023995318718903,-0.0147177799605714,-0.0548841551838203,-0.0272936346424177,-0.0394873684734605,-0.072172824895525,-0.0531951987245492
"SAM000462_tp1",-0.0110928617131564,0.00165805200889368,0.0540825605624935,0.00313175696847287,-0.0105240969613803,0.00583660500697303,-0.0313303645170184,0.0370315922014204,-0.0456822283444531
"SAM000463_tp1",-0.0344975148111959,0.0447743587581805,-0.0195567793531599,-0.00895445109628648,-0.00479757243882167,-0.0315446301589339,-0.0286925751022968,-0.0679810262386081,0.0377940386072302
"SAM000464_tp1",-0.0202019687810111,0.0528273698691948,-0.0285275659845458,-0.00696498277815781,-0.0164815690851972,-0.00990353991987985,0.0545961248185641,-0.0526010046015892,0.0109454824055836
"SAM000226_tp2",-0.0222474795488446,0.0189641089328989,0.0354134265210553,-0.0363357199842545,-0.030362292289661,-0.0485876492902283,0.0533366782058157,0.0216713074843742,0.0358774764704044
"SAM000260_tp2",-0.0324061050516301,0.0741398757568377,0.0272736409932719,0.0482352094197038,9.81070287096367e-05,0.0170786629281722,-0.014886428335986,0.110903361056509,-0.0292893205010701
"SAM000243_tp2",-0.00784823101595277,0.0184442102652345,0.0134257889733477,-0.00121394506847885,0.0143047143444468,0.00953244102694712,-0.00932584982567367,0.033663700137951,0.0504337911956415
"SAM000253_tp2",-0.026894306732219,-0.0082957799905673,-0.00399019958442355,0.00440844152434977,-0.0265274415721433,0.0548513259759671,-0.0265595002558915,0.0285942021902823,0.0226830599499885
"SAM000238_tp2",-0.0121092875207718,0.0665818188041679,-0.0300925006550856,0.0028104025676998,-0.00306860974827354,0.0883871669074786,0.0184182707723296,0.0695662209560626,0.0392408815680083
"SAM000235_tp2",0.317896465746881,0.0122851209096278,-0.0134297189934506,0.0215266324386256,-0.0590885178741781,3.145081909888e-05,0.0216747243497747,0.00329425474976416,0.0385191681649431
"SAM000386_tp1",0.0235019362874262,-0.0275608350546468,0.0205537282030303,-0.0136985499192746,-0.0423286200896089,0.00967009117694016,0.0055999407561383,0.0107301790089318,0.0233969312264803
"SAM000434_tp1",0.00580361861094536,-0.0116942598331558,-0.0113164326822797,-0.00964002357402498,0.029009229246738,-0.0203390064506324,0.222746620724334,0.040995952127284,0.0428488542544771
"SAM000448_tp1",-0.0250667290299345,0.00207889720591257,0.108940183094292,-0.023004608604649,-0.0231614419021264,-0.0233663128155118,0.0380317164828358,0.0163422311164778,0.00175580034348296
"SAM000447_tp1",0.00247728997669003,0.00488253515044737,0.0170677951006238,0.0109316017162045,-0.0101514725243401,0.0249940885917224,-0.0239095820427484,-0.0670185290725773,-0.0233945273787966
"SAM000446_tp1",-0.0401380115798075,0.0634124125766774,0.00344920685083503,0.0271416972459285,0.071414466270414,0.0458709770327704,-0.0345454416426863,0.0454280720451317,0.110364365302053
"SAM000452_tp1",0.041664024356863,-0.020063608409555,-0.0546455403872868,-0.0110398151268119,0.0267655621619433,-0.00603854041005281,0.0168527414733941,0.0858984123865793,-0.0124924094978164
"SAM000214_tp2",-0.0387798355760838,0.13670240134233,0.208210665405355,0.0260965442369651,0.0469860870461518,0.0950090217664123,-0.0766400940276572,-0.0123931605738784,-0.00122368690102965
"SAM000403_tp1",-0.0253293184832633,0.0867840790481803,0.0297329308129856,0.00516118980106454,-0.0090554795947322,-0.00501729085870405,0.00011848844368967,0.038005195038116,0.0653728264678354
"SAM000450_tp1",0.0973143285663173,-0.0516056338009368,0.0279284042528399,-0.0187918472595555,-0.0188378077500387,0.00932629744174721,0.0131333148550258,0.051226730142202,0.0137546249339907
"SAM000451_tp1",-0.0387800335703952,0.0468189317547072,0.0731215813457752,0.0162809470168711,0.0281085630129925,0.113290226684539,0.00302605541964326,0.0720600873474874,-0.0158522457997727
"SAM000445_tp1",-0.022416580855087,0.0665354659445633,0.0379890678580576,-0.00752608264967751,0.0209336273466097,-0.00398773942129728,-0.0461091580211068,0.0126023289651413,-0.0614965506430565
"SAM000385_tp1",-0.0325812791097201,-0.0119548663231218,-0.0363469148005639,-0.0122216915903787,0.097054458347742,-0.0123250845966295,0.0658027106393956,0.00875469410287689,-0.0155892810669151
"SAM000444_tp1",0.0672985462854781,-0.053993826274942,-0.0394975384103018,0.0253650380154034,0.0246013607406449,0.0394791672405643,-0.0295772008968496,0.0198383779240188,0.0192253094854004
"SAM000225_tp2",-0.00339474531386251,0.0412839112841203,0.00108509680276097,-0.00941331196990516,-0.0577947717885135,-0.0208432111399576,-0.0250441286823996,0.0644971077640773,-0.00454973991298796
"SAM000209_tp1",0.0052083009072897,0.0206163826337222,-0.00662521354992107,-0.0198252400739411,-0.012659439149274,-0.026291682681071,0.0554733875338227,0.0751585464739589,0.00960685487324326
"SAM000471_tp1",-0.0065789797886186,0.0100008093120509,-0.0193118842072653,0.0336045599681383,-0.0520244580803023,-0.04302527756391,0.00265649717614177,0.0572471593420919,-0.0499161942981174
"SAM000248_tp2",-0.0366720318660598,0.00629062072599864,-0.0233616274797305,-0.00892128295984004,0.00682311401041871,-0.0226200178187974,0.00422922774735771,0.0106187060209439,-0.000962567764285521
"SAM000245_tp2",-0.0215768647942351,0.0121694001496093,0.0901555395513839,0.00180351955343973,-0.0166324705612441,0.0100638932257109,0.0402645479144576,0.0201254824585666,-0.00541644023162278
"SAM000481_tp1",-0.0330269260525859,-0.0475361543910859,-0.00996408309155641,-0.0351294792591557,0.0072236743071772,-0.0708203187070125,0.0507004157282413,-0.0498488982798901,-0.0559581447621414
"SAM000233_tp2",0.0581054757287805,0.0329880185061948,-0.0369820901443063,-0.00684657275253128,0.0345002567526108,-0.0144438877233845,-0.0414943713858787,0.0127720471514086,-0.0130074828300161
"SAM000408_tp1",-0.0386533892313106,-0.062556802559245,-0.0075551580716704,-0.0119935924103758,0.0238527082212123,0.0465843110060834,-0.0282912541236393,0.112922483723115,0.0759128477373443
"SAM000477_tp1",-0.0368563043244306,-0.0347049064829783,-0.0410448708196547,0.00123645685101537,-0.00104790963437996,0.00591066166642016,0.179584809982312,0.0462198912958646,0.0108096594325977
"SAM000222_tp2",-0.00682429388165571,-0.00340955560434374,0.0737158017971805,-0.021402800821907,0.023520431103971,-0.00364449588746946,-0.0343988695748568,-0.0162355920301533,-0.0306449617402285
"SAM000490_tp1",-0.0352922928466371,-0.0245067866592759,-0.0269240917988278,-0.00394487972049081,0.120786035384502,-0.0112794219237016,-0.0168799979903267,-0.00115811095706925,0.0324932126842063
"SAM000491_tp1",-0.0271080778495451,-0.0146829579701848,0.0488051939333751,0.0118530587323623,0.0685913217027899,0.0710724472260474,-0.074028105500231,-0.0213026213175071,-0.0343951175746516
"SAM000495_tp1",0.0125386720081759,-0.0329144151618,0.0431361451813454,-0.0123756933949288,0.0187707887091324,-0.0122675310047443,0.0841368213278578,-0.0243046097819406,-0.00594457228101715
"SAM000241_tp2",-0.00428552551092575,-0.0904872307686741,-0.00393660220586655,0.44953059442519,-0.000735083208986058,0.00444476444754451,-0.0080194451672206,-0.0228599051483147,-0.0285843988850068
"SAM000475_tp1",0.0654128804112729,0.05844838764481,-0.0322197517140465,-0.0261127701535919,-0.0559331042353029,-2.71554085497344e-05,-0.013361204857292,-0.0797938661633303,0.00425624859913021
"SAM000497_tp1",-0.010566609452315,-0.0537167761532555,0.0256932200160692,-0.0185823618180005,-0.00561847440873691,-0.0277400580505271,-0.0236002743811246,-0.00856978437717341,0.00568833413205471
"SAM000487_tp1",0.0227705749682117,0.0921825328371587,-0.00763993972040971,0.460218989740857,0.0534281795271161,0.129119120778663,0.0204407113094424,0.101193340203348,0.0374397714412916
"SAM000496_tp1",0.0805318384422999,-0.0292995818244029,-0.0547666005530662,0.0284467339389642,0.205195072822028,0.0442441497131286,-0.0057132795128446,-0.0301089726228211,-0.0292665065942932
"SAM000476_tp1",-0.0333496455087637,0.109919261427162,-0.0366114512446659,0.0125919613745765,0.0868886521672499,0.0238172024183778,-0.037263576673481,-0.0144368834881977,-0.0625093874863284
"SAM000498_tp1",-0.0179963655796048,0.0673168739838719,0.0687183789597629,-0.0136182813982257,0.0701371461290216,-0.0119308022378673,-0.0163680286256443,-0.0320462716609489,0.000341951580149641
"SAM000273_tp2",0.0372227906232549,-0.0207107679009744,-0.0285540707227587,-0.00647138884846207,-0.00812960606610526,0.00608721782789375,-0.0166288959816316,-0.0668590034644966,-0.0498244731369017
"SAM000484_tp1",-0.0386296069419442,0.0331517114272644,-0.0253738063003827,0.0106850196998405,0.061133164471375,0.00377172602457875,-0.0427869807979802,-0.0457794232328844,-0.0117323574751586
"SAM000458_tp1",-0.0165853019085653,0.00475215865044529,0.0231995616764339,-0.0182288203755359,0.0104525489453851,-0.0117247148204806,0.0599839322861449,-0.0330110446656258,-0.00907369959192021
"SAM000270_tp2",0.0324575708656406,-0.0674818754612179,-0.0571800214840888,-0.0353154731703272,-0.0596940493459847,-0.0727793939336444,-0.0339916480149235,0.0518714666871824,0.0236734379662151
"SAM000500_tp1",-0.0108724973045536,0.00178332953820445,-0.00786962398061435,-0.0130713008787753,-0.0119914643909452,-0.0418170571913828,-0.00404144946975893,0.0141511882104987,0.0103445686316183
"SAM000501_tp1",-0.0164411666527568,0.00551776281046524,0.0311304967277093,-0.0186940109786872,-0.062776319983032,-0.0468015429369694,-0.0506024106112606,-0.0307980936031859,-0.0183180785825698
"SAM000502_tp1",0.0470031258135355,0.0260777978786728,-0.0192035391299455,-0.00467487770928125,0.0534493195645861,0.0054832501092424,-0.0065227777642511,0.0166339754923623,-0.00433448628980725
"SAM000499_tp1",0.0170833364330861,0.016459970570998,-0.0502996736353315,0.0127083504452863,0.096756848418102,0.0873645860356634,-0.0221111496131619,0.00956821304582316,-0.00796593165858389
"SAM000258_tp2",-0.00595655844979589,-0.0120586569853287,-0.0383825232603344,0.0566690590399766,0.00429330682320928,0.00374531231330402,0.0246532023697247,-0.000584705843547443,-0.0270553639672294
"SAM000266_tp2",-0.0199222527539965,0.0795780213100007,0.0327639615296353,0.0352128438914128,0.00792047041688909,0.0647885318644408,-0.0335088168847064,0.0204485050928726,-0.0225112833529507
"SAM000485_tp1",-0.0129775218438299,0.0604331356966512,0.0108223619497997,-0.0200280911789702,-0.0125386061059696,-0.0262671652033418,-0.0238553476838133,-0.0434849855396267,0.0312016514171391
"SAM000251_tp2",-0.0208359028825324,-0.0107536309867448,-0.065928935080413,-0.0144671633960989,0.00942346629017638,0.0507221764330936,0.00980791701962956,0.0614678087660989,-0.0364703611995916
"SAM000284_tp2",0.0169911608516968,0.0970094422762555,0.070857766572387,-0.0290713148983578,-0.054002878994201,-0.0525806290396851,-0.0668404575493334,-0.0788190966814281,-0.0286978273047847
"SAM000291_tp2",-0.0127833509717061,0.0133839322415894,0.0208389092418773,-0.00842396548623768,-0.0255344845153767,0.00655326212318529,-0.033420500287249,-0.0295779489607142,0.00785925370214481
"SAM000287_tp2",0.0298298401560951,0.174037670968255,-0.0517505998827277,0.0349222963596034,-0.00319636447515294,-0.0413718427623178,-0.0664474536375802,-0.0913634628642955,-0.0588114689684701
"SAM000247_tp2",-0.00182476990142822,-0.00319992063352286,0.114791157056802,-0.0170333481465124,-0.0231045432958708,-0.0205935851958432,0.00890065428260337,0.0425180985146918,0.168477418180306
"SAM000283_tp2",-0.0103309662626152,-0.0526696642590686,0.114005554275666,-0.0317640002141964,-0.0648768475574729,-0.0404832787687785,-0.0474114386940652,-0.0361104139471447,0.00310029869247005
"SAM000261_tp2",-0.0139815716126153,-0.0569034876508658,0.0223918350221345,0.00500546327326545,-0.0270858727168933,0.0204792558834756,-0.000599944672904337,-0.0636982729841062,-0.0931989217451356
"SAM000299_tp2",-0.0117003833707706,-0.047783073864925,-0.00984488754338522,-0.0283508486538944,-0.0440746378500321,-0.0378508612706104,-0.0504678246967521,-9.85855037919816e-05,-0.0161729625405091
"SAM000309_tp2",-0.00619295623830937,0.00653592611773113,-0.0480428526792208,0.0215418861851813,0.00805843888933183,0.0269773075275911,0.00018723349046195,0.0362828337843731,0.0561235269844924
"SAM000265_tp2",-0.0149981402162425,-0.0468106746324054,-0.0666355524979705,-0.0211602134980969,0.112369023869406,-0.0428566992582974,-0.0282095658906555,-0.0337895723902976,-0.0397699204604958
"SAM000275_tp2",0.0416990614291471,0.0418863864214769,0.114981653379415,-0.0223311267634565,-0.00631164646741747,0.0396852276362593,0.0434415082500519,-0.0781976392331367,-0.0119825837051911
"SAM000242_tp2",-0.035727790370839,-0.0127378741162178,-0.00343928668673105,-0.00797043296232648,-0.0212060441040334,-0.00311103219121395,-0.0292826587106339,-0.00772489511224391,0.0447846009388327
"SAM000307_tp2",-0.0255446457268436,0.0145520543533849,0.00649753234984197,-0.0152341724211033,0.0675547128681453,-0.0014111788785861,-0.0189061660201861,-0.0197072995581971,-0.0255858910781905
"SAM000288_tp2",0.0441323664067162,-0.0532130792118068,0.000119904366734443,0.0152820858397333,0.0745910302373675,0.0395503293551992,0.0100187068757922,-0.00960963655531124,0.0330564966900463
"SAM000255_tp2",-0.0168099903267041,-0.00287794244806477,0.105717853689129,-0.00558405125579496,0.0465047435907869,0.0211647968256128,0.138582653456897,-0.028093600501957,0.00283903324456201
"SAM000518_tp1",0.000131318348117507,-0.0180795788431622,0.0475430656344415,-0.0353823059072156,-0.0490277549236602,-0.0399705881445747,-0.00952679150150308,-0.0116304019993514,-0.000942913489190972
"SAM000523_tp1",-0.0349071350042509,-0.0157301943213009,-0.0285479826521444,-0.00485956074542568,0.109912051634493,0.119006278606782,-0.0393760383315402,0.056725794906318,-0.0183863216992457
"SAM000286_tp2",-0.0281712896418649,-0.0115878251626467,0.0256339460896306,0.000889620941080727,0.024088740230358,0.0420573508954385,0.0339838257313248,-0.0540174282237299,-0.00935631166088627
"SAM000526_tp1",-0.00801128779255666,0.0168899821931701,-0.0291332944637772,-0.00341571611723451,-0.00625170886788554,-0.0200625182383644,0.00267138958315019,0.00970862405843556,-0.0157264825045127
"SAM000320_tp2",-0.0416307173697859,-0.0114248050164121,-0.0446522490878346,0.00344566427773084,-0.0380688352682231,-0.0131779357260448,-0.0332938957270266,-0.000795893987289138,-0.0604402634498925
"SAM000529_tp1",0.0995959603594067,0.135560240959223,0.031001958230315,0.037374376998877,-0.0118841608887625,0.0234064876202561,-0.00268847606030652,0.0279205286450352,0.0264289749125954
"SAM000515_tp1",0.0611582381891667,-0.015677615763538,0.0844990453022397,-0.00562488912094037,0.0263659041163149,0.0403096307824737,-0.0260987946969556,0.0288876057146187,0.0456127591063243
"SAM000524_tp1",0.243743047559133,0.143004025261783,-0.00314395871633171,0.0377720418258076,0.00096921693148401,0.0621789237140726,0.0116882871793169,-0.0382651020239496,-0.0326769514908723
"SAM000201_tp3",0.137096365035025,0.0461203070114197,-0.0605752162967214,-0.0206961423675471,0.017831494305596,0.00657439215987691,-0.0117638992125827,0.0107119402786523,0.100797335747514
"SAM000306_tp2",-0.00773378503256395,-0.027322636952424,-0.00870980189953228,0.0150027834504048,0.0525643796698433,0.0169813337737431,-0.0516836545523089,-0.0423167581337432,-0.0599125898033282
"SAM000304_tp2",-0.0167581958090829,-0.0573954056917834,0.0138678390380392,-0.00774639710504775,0.051502283629568,0.00899361719818288,-0.00911282693074953,0.115421374972092,0.055778130181731
"SAM000530_tp1",-0.0256544776721492,0.0178752317749791,-0.0819040114562429,-0.0195044195285625,0.0328084215479663,0.00841705912623251,0.0881820725810125,0.00992943211039666,0.0874891603141102
"SAM000314_tp2",0.0358828422977867,-0.0118781033866386,-0.0422748047437603,-0.0186133371048548,-0.0228863032757935,-0.0216305772797597,0.00138770707859209,-0.0671321296963104,-0.0793486102184947
"SAM000537_tp1",-0.0285194346869213,0.00456698378512632,-0.0451601823984893,-0.0230037747913158,-0.0175497606120928,-0.0526243778297694,-0.0336854088996034,0.00691636919602877,-0.0296068396951741
"SAM000276_tp2",-0.0407312305679796,-0.0172636681412217,0.034105613060756,-0.00935420705277496,-0.0525438512012621,0.00341795470478626,-0.0385947566253463,-0.0323469141818808,-0.0290757577661608
"SAM000527_tp1",-0.00415444235940561,0.0878216761225383,0.0169174979261897,-0.0225862822320902,-0.042518485238571,-0.0279814539917244,-0.0692360715306177,-0.0598715015815461,-0.0503276707015583
"SAM000535_tp1",0.02840283082479,0.0407364346821156,-0.033105551798339,0.129686502224331,0.139026310958228,0.109726074723303,0.0318798212885102,0.0519074514428584,0.0445244587529294
"SAM000332_tp2",0.081676316105686,0.0544266622126846,0.0286356750719825,0.0112786811816747,0.0287929246924036,0.0557050167106874,-0.0399403926070526,-0.0244746587225158,-0.0143507208872132
"SAM000329_tp2",0.0282063823388436,-0.0714770010199402,-0.0640345329759901,-0.0157008341244955,-0.0334164985938022,-0.0485569958935627,0.0019744166159717,-0.0226144770120713,-0.0530735392406414
"SAM000539_tp1",-0.0148556101564482,0.0752443487870772,-0.0324567267888889,0.03606746209889,-0.00744170056682896,0.0597403352848712,0.0151516626929564,0.0752705908167955,0.0329989705530318
"SAM000536_tp1",0.0757378407343887,-0.0214080884609872,0.0404487512191966,-0.0242679330175374,-0.048299061877072,-0.0211036821525431,-0.0348341228220943,-0.0435262023761322,0.0394324477889144
"SAM000317_tp2",-0.032524997511204,0.0151904931270655,0.0400344315753995,0.00339187095725639,-0.0340356083552288,-0.0396544145416923,-0.0394106963131376,-0.00297413682509364,-0.0787353310165615
"SAM000312_tp2",0.0934795184145091,-0.0513864151117112,0.120898468135115,-0.011703612376112,-0.0591090342292658,-3.29777125485481e-05,-0.00222105280845607,-0.0601143291243543,0.0428268501499528
"SAM000293_tp2",-0.0394700787988845,0.0416468354024245,-0.0243269923798075,0.159326380702331,0.0593970102211554,-0.0084457665905132,-0.025206920677633,0.0309717226839161,0.058621334128557
"SAM000337_tp2",0.000356387629600304,0.041405879587962,0.0114848398714734,0.0517325289492967,0.227319095635948,0.174941614758333,0.0518693951150807,0.0403229797102068,0.0952084207845415
"SAM000316_tp2",-0.0413323353242627,-0.00935657732549344,-0.0272397407094259,0.00731579179673249,0.0173081834806437,0.0561631730873216,-0.0133770153527588,-0.0133865074392994,-0.014999955455902
"SAM000553_tp1",-0.0411984416952461,0.0480551598758574,0.0602101685954575,-0.0127736703113783,-0.0217481038274503,0.0279969561563477,-0.0520846528278839,-0.0649874844598201,0.015899308838764
"SAM000308_tp2",-0.0393124193832614,0.0414061778578113,-0.00444104416984812,-0.0030359516240856,0.022251370711589,0.0102712150812376,-0.0544036318110109,0.053358742038826,0.0561982316732056
"SAM000538_tp1",-0.0140450972621901,-0.000597655221186394,0.00816662085271229,-0.0220281344858577,-0.0533089555125386,-0.0523939438553796,-0.0594916077677896,0.0419059538968372,-0.0181693046856599
"SAM000263_tp2",-0.0191021934808058,0.0262063913179553,0.107465180687472,0.0682725961190568,0.00770470615157267,0.212643849045807,-0.0391131232616447,0.0196932361529259,0.0135348444320516
"SAM000290_tp2",-0.0506501203753881,-0.0514627541146187,-0.0125431932669834,0.000898048905261848,0.0501807267011868,-0.0305296472038796,-0.0302601647373179,0.0429870135064053,0.0421623112545658
"SAM000349_tp2",-0.0327680798132257,0.0353852850573673,-0.0392381340475549,0.0329880742594513,0.0662845106056765,0.0378788386787773,0.00532689077812817,-0.00469025153259225,0.0497063227894724
"SAM000202_tp3",-0.0292112318614998,0.0109441279089569,-0.0204643186614591,-0.0151376552987089,-0.00352269011413478,-0.0263113797485469,0.0157002899183326,-0.0108955628897604,-0.0216770985465854
"SAM000356_tp2",-0.0221295148226706,0.0460138277365104,-0.0185443379927292,0.0170930199184777,0.103854119034366,0.0288154023839356,-0.0100119948109462,0.02875898100825,-0.00761600459547915
"SAM000363_tp2",0.003329875870627,-0.0430813056479761,-0.0100923538424473,-0.0415426252045288,-0.0537364721287894,-0.0681047095493457,-0.0236766859707617,-0.0405144947665307,-0.0670779063734201
"SAM000336_tp2",-0.0393479770773308,0.0196351564380294,0.0358836560975016,-0.00357756442407744,0.0675697151411522,0.0813447057928316,-0.02301087591881,0.0175892964796246,0.0153766846290628
"SAM000209_tp3",0.00466065621243519,0.0334538141312446,-0.0354981931683361,-0.02367725916267,-0.015636207125374,-0.0303298621114147,0.0183709392076619,0.03738257312306,-0.0314985377494373
"SAM000217_tp3",-0.0111053785878767,0.0743643320249574,0.140010006416565,0.00270257994311815,-0.0271086770764881,0.0364237758842887,-0.0514114649901722,-0.0736915423361858,-0.0617749407493354
"SAM000212_tp3",-0.04162918178803,-0.0263132696664938,-0.000869678236123579,-0.00929937229096686,-0.0258681622351091,0.0405653682024231,-0.00934393669663562,-0.0692794035920745,-0.0369334266682701
"SAM000407_tp2",-0.0281900940720076,-0.0411082237342705,0.00659255923731948,-0.00245601790108962,-0.00765091144103667,-0.0656516629969695,-0.0119226901437462,-0.00254672202834048,-0.0347212962415105
"SAM000395_tp2",-0.0243696627943431,-0.0229814414206539,-0.0284313180057522,0.00823398246551191,-0.0279784036605358,-0.0213686579483157,-0.0316934255730267,-0.00688536284485438,0.00492334468561026
"SAM000210_tp3",-0.0249337960090281,0.0598891166411364,-0.0503629470937856,-0.0164517735696188,0.0247887076104779,0.0516159922416226,0.0157173263058521,0.0240638064222687,-0.0642738440341249
"SAM000271_tp2",-0.0180743384343,0.0781776560863487,-0.0391119784037461,-0.0066372533808961,0.0294697247082101,-0.00605584699504023,0.0356540615452436,0.0207855984182951,0.0208081405548733
"SAM000340_tp2",-0.00747693620246711,-0.0679994125466118,-0.00238767751075842,-0.00810325590835774,-0.00432295801717815,-0.0191938217013214,-0.0311869193854867,-0.0413574249483858,-0.0370926006047713
"SAM000305_tp2",-0.0245949210449383,0.00975823894461701,-0.00631525575462655,0.0306017794105255,0.0536704252018319,0.0748704387716878,0.125690464951883,0.0640473152275135,0.126446837521377
"SAM000361_tp2",-0.00963957108730389,-0.0305236110468223,-0.00233003664038017,-0.0303332353502794,-0.0558002616316316,-0.0401510313786746,-0.0408974099179287,-0.0339697060200637,0.0103817052907719
"SAM000348_tp2",-0.0347242859584681,0.00349330891515256,-0.0270645277408707,0.0336729767474963,0.0633971406980099,0.0522615100937238,0.0461950097920481,-0.00703078306291715,-0.0220884118996656
"SAM000311_tp2",-0.0386522292602142,-0.0443366284960058,0.0473768862480057,-0.0159520667396902,0.00046956899658376,-0.0294422784152085,-0.00908540978055527,-0.00384170500359385,-0.0850468056285256
"SAM000321_tp2",0.0266048931702638,0.0209707354990926,0.0176662601153841,-0.0205612494215136,-0.035640266526319,-0.0135042999995416,-0.0222485856515238,-0.040764116098746,-0.035892955393196
"SAM000364_tp2",-0.0378652895444136,0.00998817284641184,-0.00725420508880184,0.194178897164915,0.0515567695101739,-0.0267265147084468,0.193911555600131,0.0378227926014707,-0.00267302512771107
"SAM000350_tp2",-0.0330855300311939,0.0138928286195979,-0.0269630257024819,-0.0225721540218405,-0.0437269989134727,-0.0174106761862795,0.0835851091211332,-0.0631549517290898,-0.0347271816997146
"SAM000333_tp2",-0.0110250570178195,-0.0105637718822507,-0.0303889212969128,-0.0305619987310968,-0.0434612531440737,-0.0625438695981305,-0.0350484868365067,-0.0246519208162722,0.0376670049866562
"SAM000301_tp2",0.0217025139377997,0.0825558795037059,-0.0704060963033284,-0.00828570539213562,-0.015948576063186,0.0267279217863476,0.00632575755771123,0.13696780855938,0.0345303055888463
"SAM000433_tp2",-0.0300249917341918,0.000755058217771616,-0.00575666826034087,-0.0155153134194999,-0.0599054856698793,-0.017132273715668,-0.0182916306162647,0.00181243440451524,-0.0381130180120162
"SAM000327_tp2",-0.0353435993492292,-0.0261553548701913,-0.00233019268171651,-0.041262634826887,-0.0594145191589521,-0.0635206681683913,-0.0489746015574948,-0.0132812253315188,-0.0426393243678401
"SAM000396_tp2",-0.0331471574517793,-0.068856424155507,-0.0312744685039607,-0.0141941251208114,-0.0278525421249543,-0.0304840344230363,-0.0147281436191375,-0.0309291239085391,-0.0235689227023619
"SAM000220_tp3",-0.0413733744311451,-0.0142450903050986,-0.0150197503086674,0.049051097901863,0.0885802659591981,0.1022328653018,-0.024413010943419,-0.0197056484753266,-0.0702208658755381
"SAM000426_tp2",0.227930514803147,0.00103602645066842,-0.0376744505757889,-0.0220391594829371,0.0146479239588867,-0.0427574369582649,0.0519982221656082,0.088168319096132,0.0334924264501748
"SAM000313_tp2",0.0648345402920186,-0.0214794264628176,-0.0523115109234657,0.0194510967490243,0.00156447357747925,-0.0238984850714826,-0.00993650745623017,-0.0678395296654597,-0.00259620143190469
"SAM000351_tp2",-0.0448321844003943,-0.0195650658783035,0.0328563645975943,0.000831218551970106,0.0577185548315752,0.0130709084101021,-0.0133635543003785,0.0321311909196984,0.0461518552500596
"SAM000398_tp2",-0.00441529631167449,0.0262924867092481,-0.0423414599055233,0.00920120198417273,-0.0210258469512235,0.0269165051047682,-0.0256783128405054,-0.0394447312339059,0.0142887776575406
"SAM000326_tp2",0.012620896364051,0.104764035523413,-0.029420319973917,0.0224182017851717,0.0221544470682238,0.0431983758898992,-0.0219375055201994,0.101879515726254,0.00205627336593525
"SAM000410_tp2",0.000423105679825117,0.0527777165709044,0.00370185601692068,-0.028002269308682,-0.0205328674818159,-0.0435594927030048,-0.0223132384432047,-0.0568225248107662,0.0401836688893966
"SAM000302_tp2",-0.0125537958887053,-0.0189636231261106,-0.0175666316598097,-0.0212415832838245,0.0060112846134281,-0.0268022991618679,0.00877281636324553,-0.0630557619313614,-0.0512569834623082
"SAM000378_tp2",0.00959105910164567,-0.0317290294504217,-0.00890379202967229,-0.0106292230239078,-0.0095087378731994,-0.0158975456380147,-0.000423390867804117,-0.00231156704191381,0.0299023183588329
"SAM000240_tp3",-0.0358057541941475,-0.031665239229399,-0.0347424612145667,-0.0284157158864601,-0.0329457576260999,-0.0618578076038858,-0.00576053473824724,-0.0141567684092199,-0.0187066853959489
"SAM000216_tp3",0.0185410791628655,0.0901779703540946,-0.0485607245444951,0.000399911464752601,0.00424890421641609,-0.0218337594361749,0.11333370031836,-0.00548298450141647,0.0597645434709324
"SAM000452_tp2",0.0455455415684236,-0.00799559255980684,-0.0552770959510469,-0.0222544500500932,0.00748862528646312,-0.0250340313023851,-0.00934662776585462,0.0345672132272194,-0.0832514155484165
"SAM000385_tp2",-0.00259694587850398,-0.0663612290299421,-0.0550207968027996,-0.0233675264196195,0.0296271682434155,-0.0204574855174291,0.0823581305537946,0.013037381115413,-0.0141766125412473
"SAM000422_tp2",-0.0449415040959947,-0.0180785451378934,-0.0363701190506769,0.0783806558571823,0.222163867265373,0.0132244561786099,0.103340940124313,0.0400963065328048,-0.0583115031799116
"SAM000379_tp2",0.0503543427775757,0.0590707636101534,0.0686704039471727,-0.0280590106365271,-0.0737651578222602,-0.0530832408952757,-0.00558104249625093,-0.0855462493740754,0.0319370496386979
"SAM000266_tp3",-0.00513277311265021,0.137266067491948,0.0396016634265707,0.0188431338916013,0.0360453943963945,0.149651354365651,-0.0162892573191868,0.0621235757269383,0.166472095380913
"SAM000490_tp2",-0.0350401123321418,0.00818943756811402,-0.012242773916709,0.00520583907934852,0.0179595291263014,0.0677593210622805,-0.0298440248887797,0.00558377894103322,0.0144089646471091
"SAM000436_tp2",-0.0347342693200745,0.0626051044624911,0.0430273044549015,0.00934273716149322,0.0343440620972335,0.0555308861050092,-0.0565975036236652,0.0514240682518994,-0.00864428460623452
"SAM000315_tp2",0.0469706716571416,-0.0299140495546261,-0.0363688753431259,0.0618593342177967,0.059248798610878,-0.0336522830191366,0.0845224376286658,-0.0259451647963217,0.0460071095148721
"SAM000228_tp2",0.0270257266749274,-0.0554763466837097,0.136332566780661,-0.0160054679742761,-0.0443000109936818,-0.0263519329655231,0.102590485855463,-0.0715396006508951,0.0294513652754948
"SAM000393_tp2",0.0019161291303059,-0.0629893313501687,-0.0435900010235342,-0.0235506943023696,-0.0331340073373675,-0.0368753146820999,0.0417666584492767,0.00365983182179765,0.138629931745161
"SAM000368_tp2",-0.015237719012622,0.0377216911208171,-0.0103873291042219,0.0490515315430791,0.00237185495676137,0.00903698734086632,-0.0514595027185297,-0.0315929379836215,0.00456203039174378
"SAM000491_tp2",-0.0378835110251235,-0.0379184055144202,0.0140083726378291,-0.0240204214427238,-0.067181982924764,-0.0234115945998217,-0.0725662611788603,-0.0103855406555268,0.0311500488771337
"SAM000496_tp2",0.0428847576998503,-0.0397572124004003,-0.0601142345540566,-0.0239173329099392,-0.0385217882064076,-0.0339162943421547,-0.015281210846134,0.0296068065967416,0.0230173201384371
"SAM000397_tp2",-0.00402197968558292,-0.0168909911338887,-0.0634745676881972,-0.00566107099335121,-0.0368060571164842,0.0283901294264841,-0.0410225545782802,0.0330542562204747,-0.0225884581035056
"SAM000415_tp2",-0.0166895515663348,0.00495246762988517,-0.0310857157292211,0.00760083931597479,0.00954741320969435,0.014508319971399,0.00512685023048367,0.0902911130553334,-0.0509034267737436
"SAM000476_tp2",-0.0414720627441088,0.126200858338786,-0.0367395379901677,0.00889363164843728,0.0611022218738743,0.0484040841200006,-0.0244208771947068,-0.00317593383966982,-0.0410750531537902
"SAM000499_tp2",0.0124300859838902,-0.0173622829845599,-0.0525932066146937,0.00773142261365471,0.0674549494021479,0.0480343137171755,-0.0281646313762594,-0.00504009050415654,-0.0518577943022194
"SAM000445_tp2",-0.0205565178714184,-0.0116238343727332,0.00161859784554486,-0.0250575697520314,-0.0432212813369539,0.00325310319370515,-0.0184036803139713,0.0392973277298909,-0.00897771370984975
"SAM000400_tp2",-0.013277372316033,-0.0746224441034268,-0.012299723542199,-0.0467108610398235,-0.0737835998787179,-0.0906209176904396,0.0125328490698443,-0.0186801320574769,-0.0354329406252521
"SAM000429_tp2",0.0119742402972642,-0.0515648958339423,-0.0220942397872018,-0.0244159423765686,-0.0184873991386046,0.00205815972361851,-0.0316402111487016,0.0428279781361302,0.00329594045606881
"SAM000352_tp2",-0.0449758602091788,0.0514985315077755,0.0132297652367288,-0.0257684776626503,-0.0766801743248004,0.00719021177676201,-0.0164760029475826,0.00511922982298986,-0.0663449079561629
"SAM000375_tp2",-0.0314697897708365,0.0273540274672391,0.025649835560008,-0.0174662688739877,-0.0225882144942192,-0.0444678950520358,-0.0344827865915204,-0.0332882703018638,-0.0598697348965789
"SAM000248_tp3",-0.0377670773324574,-0.0282231115991599,-0.021059861588365,-0.010927154208917,0.00108429509060098,-0.0260872369653241,0.0162892434939087,0.0540464639659994,0.0228619840721197
"SAM000245_tp3",-0.0321188006690091,0.0147776259247932,0.0945938114749838,-0.0166949567519475,0.0100305619415197,0.023433770764977,0.0343887778805609,-0.000608649965863257,-0.00372618000984729
"SAM000247_tp3",0.0165375709908684,-0.0353944679204732,0.0761493966090862,0.0264259574877353,0.134424229058065,0.0395192199854831,0.0885325060588081,0.0281857865067752,0.334475702248856
"SAM000384_tp2",-0.00232064653257707,0.0628386526195104,0.0797800125941988,-0.0228097022499226,-0.0354636776301283,-0.0272776702349099,-0.0308411673695779,-0.0356527181240748,0.00876233774252613
"SAM000444_tp2",0.167677649162507,-0.0325495306771288,-0.058052303860094,-0.00439520231491678,0.00894802927973286,-0.0258366154557026,-0.0267827637302097,-0.0337746406599512,-0.0776674531604475
"SAM000261_tp3",-0.00605279479474964,-0.0624233852513334,0.0207551750210587,0.00749530956463543,0.00874197272563103,-0.0212805463471239,0.00203499331746071,-0.0518863567635718,-0.142565800783734
"SAM000434_tp2",0.00563621886531934,0.00711515544333537,-0.0143969500766308,0.000256780164365524,0.0964575577254282,0.0352258716295447,0.159808496808075,0.0787119843171862,0.0799542470065667
"SAM000330_tp2",-0.0288359785782764,0.00489420464390051,0.0586316450103506,0.0208830567321243,0.0331941725978137,0.0256250436212744,-0.0348559944544301,-0.0240237239653351,-0.0309233837203551
"SAM000353_tp2",0.0621539228523724,-0.0533152816160019,-0.0297447742707483,0.00695718412156923,-0.000579524192519764,0.00114864680059956,0.0121855508310103,-0.000581979851756167,-0.0210895203470707
"SAM000447_tp2",0.0502027825967017,0.0326046843987807,0.0361879667551801,0.0241964741204772,-0.0362950055802216,0.04048097541276,-0.0128892243795778,-0.0566470060952414,-0.0292123516262015
"SAM000260_tp3",-0.0258363304297434,0.0904590225011974,0.0514579646087543,0.046430351453469,0.0125986039888291,0.0311255711398575,-0.0433735231994596,0.0345879372552109,-0.0342863750245202
"SAM000319_tp2",-0.00316857180540105,0.00362190775033792,-0.0302049427472151,-0.00875508972049281,0.0185024721400406,0.0316858672342679,0.0148842984169871,-0.00297135413045836,-0.0467733872445333
"SAM000466_tp2",0.0118004679362533,-0.0732626896521178,-0.0240893555791249,-0.0172773418665986,0.00684254933577291,-0.0171762782943438,0.0297714131112048,-0.0808922903035667,-0.0996976215852982
"SAM000329_tp3",0.0850917374246476,-0.0820260791394262,-0.057536277662655,-0.0147063486330607,-0.0197873512793021,-0.0616480943773782,0.00824725354229297,-0.0314061340829182,-0.0534578421816465
"SAM000386_tp2",-0.0322224621383381,-0.0498970764593854,0.0372860199379138,-0.0227521430106255,-0.0161461007882507,0.0474960418326669,-0.0353663618954617,-0.0508203674372749,0.0163349270224147
"SAM000253_tp3",0.0785482300641986,0.00989260824753995,-0.0227681939681223,-0.00557408455010462,-0.0490891696080754,-0.0338075955820737,-0.014366101021683,0.0201108590827751,0.06653301449743
"SAM000354_tp2",-0.0343666971552939,-0.0870510878983037,-0.0495972803783977,-0.016332011048303,-0.0280585519157794,-0.0497366134854299,-0.0169582652968518,-0.0496461668454359,0.00108993674988133
"SAM000411_tp2",-0.0322922437248568,-0.0646859124359445,0.0336831919883777,-0.0203108976948916,0.0330230427367523,-0.000787293648023171,-0.00899323843233723,0.0339877379779604,0.0513504979040176
"SAM000370_tp2",0.0246921487210704,0.0626942036342014,0.035565345468016,-0.036033430486809,-0.0849964478936694,-0.0547132073102826,-0.0440779465869885,-0.10355650265382,-0.0575728077750297
"SAM000485_tp2",-0.0236108739899558,0.0172430775008987,0.0377968241758468,-0.029048913160655,-0.0325862098722792,-0.0504487359916625,0.00481273004514145,-0.0218490135353619,-0.0167465501180071
"SAM000214_tp3",-0.0208633349498513,0.101394489854854,0.194888023254972,-0.0214014869886271,-0.0461702612226647,-0.045093987316114,-0.0777315516406624,-0.055834780413553,0.0300714380237995
"SAM000440_tp2",-0.053254172724,0.00937115153298899,0.0503106144439142,-0.00573530534991478,0.0693027450085908,0.0614324933538268,-0.0895087145012549,-0.0712732576722871,-0.0603373417836403
"SAM000405_tp2",-0.0280710552102266,-0.0112461077836594,-0.0232511016811774,-0.00805703771964301,0.119126153319963,0.0340238920480443,0.179341407943644,0.0314567984402714,-0.0141898014288781
"SAM000462_tp2",-0.0286237328736036,-0.0054928213287473,0.0349803322257223,-0.0226422710527156,-0.0454227207095513,-0.0446676380809911,-0.0584764971234555,-0.0223250512629101,-0.0733043698331056
"SAM000417_tp2",-0.0300535649206985,-0.0193157248054545,0.0356211934436334,-0.0197771973367532,-0.053683157934383,-0.0477556001691951,-0.0219109574237751,0.0397338899348795,0.0271163685880181
"SAM000332_tp3",0.00474443873002377,-0.0389784352468582,-0.00837872891254545,-0.0235389338254914,-0.0394339970214481,-0.0692642263471727,0.0130660158972129,-0.0880563264068629,-0.0479225271479118
"SAM000270_tp3",0.0610042629634383,-0.0544684366048272,-0.0442133249509841,-0.0112206399249349,0.00371351447517555,-0.0403885147308266,-0.0228807256421448,0.0381833544333679,-0.0641695261443446
"SAM000425_tp2",-0.017387646575782,-0.00508879561756373,-0.0557578639643178,-0.0160546253071681,-0.0671085862292786,-0.017395125683516,-0.0207085645923012,0.0732321609546335,0.0340046609095629
"SAM000394_tp2",0.0178482083703729,0.000301978689252855,-0.0486426065031852,-0.0208640915655973,0.000919934686128655,0.00195718936226001,-0.00441768721039579,-0.0319259439565958,-0.028775903579076
"SAM000495_tp2",0.00803079204441422,-0.0451426199226178,0.00373411229526657,-0.0262449025450773,0.000998762493033186,-0.0335357466362535,0.121370109029544,-0.00275080423654618,-0.0475962156200341
"SAM000501_tp2",-0.0144692816650319,-0.0172339653248595,0.0146740603252743,-0.0342478170201235,-0.0668091191144924,-0.051437775179614,-0.0283161420650872,0.0204755494633403,-0.0407639540544358
"SAM000526_tp2",-0.00714750470600244,-0.00523810985406721,-0.0523120316321686,-0.00781438038830098,-0.00530687458828501,-0.0231535435391293,-0.00609502597469218,-0.0249886809860905,-0.0480832631217867
"SAM000498_tp2",-0.0392289226303344,0.00260489485749245,0.0599607842591523,-0.015001681343087,-0.0304595563344955,-0.0018022605433777,0.0252111686614787,-0.0254698594471921,-0.0197233246676934
"SAM000223_tp3",-0.0123388625844604,0.0200690379048262,-0.023570830967523,-0.0231702950355715,0.0113634838738991,-0.0499123002314904,0.0363160249146773,0.0275314014020968,-0.058457042828203
"SAM000408_tp2",-0.0429181484187059,-0.0677738951084305,-0.0240974071165597,-0.0273290369192858,0.0147423112235893,0.00724866492456677,-0.00358862652129821,0.0147178361031215,-0.0250771818410678
"SAM000464_tp2",-0.0269849876028474,0.0801027821756521,-0.0194568174616329,-0.00149645169592781,0.0355192067602428,0.0187826513827397,0.0140987468964389,-0.058838526057247,-0.057549533615445
"SAM000416_tp2",0.175487139424306,-0.0156651945321088,0.0477976937752414,-0.0126399191718547,-0.0610065450543963,-0.0254177842116298,-0.0242050139331032,-0.0455717412835373,-0.0338697725836575
"SAM000497_tp2",-0.0358697872942847,-0.0636192628439515,0.0134894377537108,-0.00324444859881052,0.0918640619543323,0.000314797947134947,0.0375566629949452,-0.0144351308967227,0.0100634003116342
"SAM000515_tp2",0.0127986655817869,-0.0165414515613879,0.0799663404776533,-0.0118954873127403,0.0667889064753459,0.0247043713580991,-0.000297768291444697,0.0127889096127458,-0.0499315387032154
"SAM000523_tp2",-0.0235201314991749,-0.0393490681564307,-0.0520340627448608,-0.00548719303193722,0.0506063911572388,-0.00499184886883192,-0.0470398526045031,-0.0148834017910733,-0.0691316666511206
"SAM000276_tp3",-0.0389829820784847,-0.0371683011370469,0.0304970968496863,-0.0246858429309083,0.00591651406794221,-0.0210585115791527,-0.0283730679787343,-0.055899038327583,-0.048133678679704
"SAM000418_tp2",-0.00963549375400739,-0.043124417943207,-0.00723969135784182,-0.0237273100286226,-0.0213547269768323,-0.035715215891006,-0.0478282207814354,-0.00745191095743586,-0.0523666570782702
"SAM000427_tp2",-0.0273693397597515,0.00129285107259557,-0.0376819170739054,-0.0244486239800407,-0.0418876899620885,-0.0181116035912547,-0.0406895202573392,-0.0125943973168002,0.018402525553413
"SAM000273_tp3",0.076741329341421,-0.0516744544830806,-0.0330370481929459,-0.0291515221095919,-0.0522676548995732,-0.0393194909903456,0.00332452608631287,-0.0726797504418672,-0.0296174185759415
"SAM000299_tp3",-0.0387859601964311,-0.0250869734076506,-0.0140027715408821,-0.0163826677224808,0.0147808670065082,-0.00624915339320682,-0.0741994090861028,-0.0183304456911466,-0.0419918506531693
"SAM000484_tp2",-0.0520370203401467,0.000511930704235104,-0.0196891934170516,-0.0341571145806904,-0.0455982778512165,-0.0337131472670827,-0.0290934908462302,-0.0177440050261563,-0.0121900544721993
"SAM000293_tp3",-0.0424966561966323,0.0720358651477003,-0.0422028522780868,0.0537949034292657,0.0280076814886279,0.0169216070160153,-0.0490921227181202,-0.0331078746855231,0.00337064830542823
"SAM000481_tp2",-0.0122841759451813,-0.0396051854986028,-0.04981112626063,-0.0436065837223969,-0.0333021823375424,-0.0879605670553035,0.081543546482226,-0.0623048505140568,-0.0629771082426263
"SAM000288_tp3",0.31340556429698,-0.0490163257300415,-0.0273869284277986,0.014260567747155,0.0357665292339154,-0.0005395955864109,0.0125396716531748,-0.038010544507377,0.0292404587166661
"SAM000448_tp2",-0.0269235646828828,0.0507435664221833,0.0864262653025657,-0.0165463854190162,0.020833010936036,-0.0214817586865662,-0.00453981155097088,-0.0319048534294445,-0.0208487344627889
"SAM000530_tp2",-0.0370194598212987,0.00867040141692748,-0.0757593370049318,-0.022105323583282,0.0243476872795083,-0.0242990893535349,0.0482605710425926,-0.00206367733694081,-0.00382753140188771
"SAM000251_tp3",-0.0269132644334116,-0.0696410674448296,-0.0751268711764298,-0.0289482371048179,-0.0692236383687713,-0.0663978877973099,-0.0134863516718586,-0.0409096010185186,-0.0712704298422173
"SAM000337_tp3",-0.0166953507932321,-0.0462576782131919,-0.0242198149752763,-0.0191219383383977,0.0150041453770332,-0.00794989050718734,0.0771437810417562,-0.0134072228498153,-0.00403022517391788
"SAM000320_tp3",-0.0428441882929185,0.0885529243764683,-0.0378708537914927,-0.000656593061162085,-0.0414845090688694,-0.0431642988327749,-0.0387790790482059,0.00658277963964845,-0.00344049488614293
"SAM000286_tp3",-0.0308033136138456,-0.036691911230271,0.0521387051225095,0.00357690827073619,-0.00670855157418902,0.125764857713919,-0.000390922556926438,-0.0142026182770596,0.0104117248480849
"SAM000201_tp4",0.082897214968784,0.0887554571693317,-0.0655017309743892,-0.000958855069331365,-0.00575923939827874,0.0219052638064327,-0.0360675818840837,0.015030591442018,0.0374245112381196
"SAM000524_tp2",0.238402548586743,0.0770415731246545,-0.0122681702372155,0.0156162591568283,0.0665928692179092,0.0770166792563582,0.00316220039882972,-0.0527835816372017,-0.0516821123692266
"SAM000538_tp2",-0.00492190480296329,0.00430897712587405,-0.0104459808275157,-0.0357187879453077,-0.0800781304178451,-0.0677737797488885,-0.0538596082269715,0.0457372610529261,0.0083257232663639
"SAM000308_tp3",-0.0401682336355002,0.000771921235188361,-0.0257831286619085,-0.0426225715427288,-0.0795457439551411,-0.0730079438895308,-0.0430761358079824,-0.018527439536382,0.0512960185518792
"SAM000312_tp3",0.0903410110235753,-0.00852232246304397,0.0653351930029414,0.0178217225916759,0.0895517343064855,0.0585423817126943,-0.037090175276777,-0.0680522542665651,0.0302316253306373
"SAM000475_tp2",0.0401940472990851,0.0352282463656435,-0.0106636295999706,-0.0259052420704744,-0.0502960405602309,0.0072055626237999,0.0121356088568732,-0.0821937742549581,-0.0397296474096727
"SAM000225_tp3",-0.00345157190267557,0.0151618360168133,-0.00979939488963682,0.00879723617047532,0.0273255985214899,0.0241420791361458,-0.0290233523643876,0.0409615478381368,-0.0200587582644911
"SAM000537_tp2",-0.0176609735456447,-0.0181279204081594,-0.0472670984914067,-0.0367985671692836,-0.0460784586723673,-0.080146602557936,-0.0338606849065967,-0.0297477323121993,-0.0222877839852576
"SAM000536_tp2",0.00494409646997746,-0.0274772231667358,-0.00370613259130617,-0.0429891986565278,-0.0701437769483849,-0.0702855575464403,-0.0633571603957204,-0.0644699547286142,0.00483837298349851
"SAM000529_tp2",0.142831010193712,0.0759858820349619,0.0181895350482026,-0.00241627895719655,0.023164214884545,0.00436141738125885,-0.0272842335876108,0.00701777819843075,0.00620158177288254
"SAM000283_tp3",-0.0011147994696768,-0.0578411463207753,0.0930298274905729,-0.029727737192708,-0.059504195370024,-0.0324885219626886,-0.0533525627434985,-0.0430697216111074,-0.0215726009476745
"SAM000500_tp2",-0.027780203428115,0.0202341286498092,-0.00995551881203852,-0.0162471927333091,-0.0300203695905281,-0.00964975663362156,0.00055259248627743,0.00563141495345714,0.0509340954844397
"SAM000250_tp3",-0.0129455044355572,-0.0854965303286611,-0.0564330764672974,-0.0403875136927534,-0.0703948035355372,-0.0719614624577592,0.115879524624928,0.0063348021479265,0.0466618892297441
"SAM000306_tp3",-0.0250697614704234,-0.0582971664111989,-0.0294253694275017,-0.020518738439197,-0.038526733178768,-0.0239702826713362,-0.0532940737920755,-0.0537238612355734,-0.0192393093472649
"SAM000309_tp3",-0.00339018092308578,0.00521271986745418,-0.0460769536782444,-0.0080428739165677,0.10044861045371,0.0176219408874444,0.0157796276662911,0.0811930617793255,0.0610507815211658
"SAM000470_tp2",-0.0225016564792027,-0.0481463785435476,0.0285733532665018,-0.0430537779602096,-0.0579732630974326,-0.0271622432001711,0.0247345836165176,0.0157777750268864,0.0347243016243223
"SAM000458_tp2",-0.0323254028702021,0.00136840321162302,0.0488106405631989,-0.0132503118759517,0.0720397591803286,0.0121936430249298,0.0627536220381279,0.0293251696491725,-0.0157544389354399
"SAM000304_tp3",-0.0513598745578232,-0.060778543391822,0.029664311966555,-0.0215849066058833,0.0894285033354274,0.10457697839579,-0.0560321370231744,0.0526975398792669,-0.0354238278763062
