"","Specie.brown","Specie.yellow","Specie.green","Specie.turquoise","Specie.black","Specie.blue","Specie.red"
"SAM000201_tp1",-0.0017672024896821,-0.00917441787299867,-0.00346046025489359,-0.00692321560534868,-0.0126607546913812,-0.0036880625500235,-0.0211223386967319
"SAM000201_tp2",0.0278542947898083,-0.00767073724271613,0.0133848608727916,-0.0109664562169297,0.010890352683381,-0.027621631357243,-0.0209648580056948
"SAM000201_tp3",0.0110512750854806,-0.00556999933006111,0.0200706022128414,-0.00755745187476809,-0.0131519449057322,-0.0463268105460467,-0.0217377279257371
"SAM000201_tp4",0.0626742811260065,-0.00385516888180286,0.00241331488163618,0.0461192702080417,-0.0139526640665766,-0.0186106695134123,-0.0209078678016839
"SAM000202_tp1",-0.0111244030010117,-0.00993028929914492,0.0129717546922122,-0.0220331613451878,-0.0127184978749747,-0.031834766391575,-0.0138297521171012
"SAM000202_tp2",-0.0111502889309409,-0.00912605825938729,0.0155373312523574,-0.00774069997269231,-0.0132687548807182,-0.04807549696582,-0.0182435554194263
"SAM000202_tp3",-0.0112701912414508,-0.00918235364327768,0.0387832968816787,-0.0236027985376198,-0.0127848187410058,-0.0323007857545541,-0.0195274083587473
"SAM000202_tp4",-0.0111237458240433,-0.0105506003796424,-0.0255338296582753,-0.0369611181908978,-0.0124164921076615,-0.019017923676493,-0.011927234211406
"SAM000203_tp1",-0.0110704843664855,-0.00305213643160207,-0.0265882133749816,-0.0389797594123261,-0.0148311058210594,0.0112973192547106,0.0630256367344456
"SAM000203_tp2",-0.0110704843664856,-0.00480246156841721,-0.0265275601642545,-0.0352962139042855,-0.0144190000832168,0.00501570624692536,0.0656617407143106
"SAM000204_tp1",0.00816405649991499,0.000685527957860256,-0.00480634624667351,0.00679574776841559,-0.0060459758169919,-0.0379138521401107,-0.0201667714229784
"SAM000205_tp1",-0.0083435412162214,-0.00992452561256645,-0.0279751392869468,-0.0274611907513668,-0.0114714663986471,-0.0071012951770283,-0.00314929817779195
"SAM000205_tp2",-0.0073474712392798,-0.0106233114598472,-0.0235605355036787,-0.0100317554545962,-0.0134088292534878,-0.0133141563705003,0.00407201162875853
"SAM000206_tp1",-0.00872996354151334,-0.0073529537514457,-0.0211201279069041,-0.043524523836364,-0.0109183103371724,-0.00294053196260462,-0.025011941160231
"SAM000208_tp1",-0.0112309966821696,0.000133046071718191,-0.0374413844476461,-0.0173859109075437,0.0262345124339835,0.0208897163484374,-0.00980046347347323
"SAM000208_tp2",-0.0111928165385867,0.00342445572700991,-0.0386916976785704,-0.0340048027219764,-0.0123597254740802,0.0183664845352529,-0.00366786915118656
"SAM000209_tp1",-0.0110704843664856,0.00255921773371232,-0.0295492101391125,-0.02751784001452,-0.010407608542264,-0.00278600137229785,0.0881915512444643
"SAM000209_tp2",-0.0110704843664856,0.00429600054977225,-0.0246818622366798,-0.0324174133555509,-0.00874835324336723,0.00980196255654133,0.0515884456546379
"SAM000209_tp3",-0.0110704843664856,0.0366645817878868,0.0273073999376124,0.0101628207321068,0.0432383929417275,0.0311686910034408,0.786807347019943
"SAM000210_tp1",-0.0112795332260063,-0.00515495205330825,-0.035414804543529,-0.022254101517768,-0.00650742803930431,0.0391988073153121,-0.00298945754107052
"SAM000210_tp2",-0.012637707076746,-0.00890260062193129,-0.0216081688128428,0.0211863615031218,0.00551224672185216,0.0591864009612689,0.028226855807769
"SAM000210_tp3",-0.0126343740307254,0.04570792010686,0.0687097262138789,0.0024349717626809,0.0743812056735342,0.132937949338452,0.0194922310970525
"SAM000211_tp1",-0.0112189653386838,-0.00621985599386864,-0.0300909818372245,-0.0330500401687195,0.00301480761564714,0.00100311937318236,-0.0200680009662811
"SAM000211_tp2",-0.0114196192195986,-0.00459512693983882,-0.000883524772441878,-0.0316524184637995,-0.00440762902213281,-0.0175570543901446,-0.022166462599732
"SAM000212_tp1",-0.0112085988345714,-0.00802340332685795,-0.0320809026678025,-0.0370156977114756,-0.0152921609629788,0.00904685472435191,-0.00108599721470758
"SAM000212_tp2",-0.0111364579360343,-0.00895672289424501,-0.0307890573429649,-0.039555871635836,-0.0133040554954138,0.0103382573920138,-0.0123808742450162
"SAM000212_tp3",-0.0124553932499544,0.00120996091751984,0.00985843206300402,0.0514559714027906,0.039661950376256,0.000351386988002531,0.154444115957988
"SAM000212_tp4",-0.0120725506034815,0.00180889768849815,-0.0203347558497548,0.12826009127667,-0.0135192426403236,0.0104192582048642,0.035222539247786
"SAM000213_tp1",-0.0110704843664857,0.0252339505658354,-0.0218332698572503,-0.0476032715344457,0.0649772666809983,0.00212002836146825,0.00258069797580352
"SAM000213_tp2",-0.0110704843664856,0.0269947681032082,-0.00535291169035635,-0.0464665589606472,0.032519779475072,0.0252495461149881,0.0026979689351362
"SAM000214_tp1",0.0573454929044815,-0.0102843485623892,-0.0344038248188818,-0.0246151332399115,-0.0140266705825827,0.0090480775415023,-0.00879782831891986
"SAM000214_tp2",-0.0110704843664856,0.00468324849301681,-0.00864653082836627,-0.02362100155998,0.0203434002864317,0.11736185825499,-0.000892133781500028
"SAM000214_tp3",-0.0110704843664857,-0.00298735305370108,6.41695461884546e-05,-0.00320833428628322,-0.0117070382177857,0.0410589297534336,-0.000648453047533901
"SAM000216_tp1",-0.0110704843664855,-0.0032638460339604,-0.0229782129745462,-0.028062665974483,0.00441696243019712,0.011298142242956,2.58096294425378e-05
"SAM000216_tp2",-0.0110704843664857,0.00401161057026835,-0.0242788256695614,-0.034674258040606,-0.00902857172051724,0.0242570646434554,-0.000660289686714246
"SAM000216_tp3",-0.0110704843664857,0.00869918748428782,-0.00560101156901948,-0.00632712272053355,0.0201344972863639,0.0673075282656058,0.0258678106034685
"SAM000217_tp1",-0.00856268113779747,-0.00978169146364748,-0.0243895481157941,-0.0337542288446735,-0.014011261659505,-0.0134007696388076,-0.00334041549642591
"SAM000217_tp2",0.0048786534958115,-0.00863420778837157,0.0477435539275684,-0.0189138777092374,-0.013502209675253,-0.0223371526321739,-0.00465909540800098
"SAM000217_tp3",-0.0136659961118204,-0.00825968412916348,0.0446175327229581,0.0409838427361781,0.0113873235296437,-0.0181448385838507,0.0586174003387651
"SAM000218_tp1",0.0682118812581276,-0.00956800451296747,-0.0261233211913317,-0.0180889962243677,-0.014916600815376,-0.0185481954563904,-0.0292365195041689
"SAM000220_tp1",0.000156171614434079,-0.00742639644011421,-0.0135519085083687,-0.0153551701433872,-0.0112609577665204,-0.0274671717378861,-0.010738360114315
"SAM000220_tp2",-0.0112155484274589,-0.00541060591745454,-0.00723464776952387,-0.0233042111902184,-0.0132772661227713,0.00208587453724211,-0.00929463864135253
"SAM000220_tp3",0.0187304879550202,-0.0069410677681159,-0.0055985502668509,0.0137837847487937,-0.0112544678417975,-0.00521534789359056,-0.0125698934530046
"SAM000221_tp1",-0.0110704843664857,-0.00783987447672491,-0.00866561149892129,-0.0386586280788303,-0.00180430153311971,0.0210183516651959,-0.00678592763556668
"SAM000222_tp1",-0.0111741999673675,-0.00766521410754074,-0.0305209258016091,-0.0375795762481156,-0.00424320735481075,0.00907508529804897,-0.000233721513817362
"SAM000222_tp2",-0.0110704843664857,-0.00543965078278226,-0.0264515516061893,-0.0384745232538692,-0.00201171988393838,0.0155497720101098,0.051469008256891
"SAM000223_tp1",-0.0110704843664857,-0.00800067357942385,-0.0314395802906747,-0.0422309771493062,-0.0125523474871279,0.0188776901411428,-0.000924344166947895
"SAM000223_tp2",-0.0110704843664857,-0.00894591690868108,-0.0290918773423014,-0.0347446341119644,-0.0137817014540898,-0.000565263490241247,-0.00359605916050018
"SAM000224_tp1",-0.011138338465857,-0.00659140579363139,-0.0346560268448321,-0.0365942047064089,-0.00898604519750587,-0.0110088212862463,-0.00591182463495923
"SAM000225_tp1",0.0166228244092272,-0.00843699422437078,-0.0265882133749816,-0.0391586489243569,-0.0140406872043964,-0.00473951593551664,0.000888076958077869
"SAM000225_tp2",0.00839201616498511,-0.00378109983888712,-0.019639848427274,-0.0250762977524849,0.051666661800516,0.0948977137041662,-0.00546111773016064
"SAM000225_tp3",0.0126934726837442,-0.00274704529086705,-0.0339889887811364,0.032843388513386,-0.0130343724747665,0.00639533831111978,0.105300993301379
"SAM000226_tp1",-0.0111107034384322,-0.0084912330942518,-0.0251302873127483,-0.0255290146281579,-0.0130047189409355,0.0100638006902315,-0.0107437196243237
"SAM000226_tp2",0.0100514231392002,-0.00854604054268714,-0.0135189908626655,-0.0195951251846904,-0.0111935600369773,-0.0164202693858583,-0.0134355999903848
"SAM000227_tp1",-0.0111989656923752,-0.0112255708676917,-0.0110147251371029,-0.0235030283548592,-0.0158121217260573,-0.0228447263350818,-0.022165830593566
"SAM000227_tp2",-0.00993622163266599,-0.00145271496125527,-0.0105392833314713,-0.0350003635670523,-0.0146174167249162,-0.0198491939507728,-0.0228795261945346
"SAM000228_tp1",-0.00190349446263973,-0.0090679079824185,-0.0355601184610056,-0.0424652893159894,-0.00450472993129005,0.00974368133451613,0.0279257522484976
"SAM000228_tp2",0.0344142849001477,-0.0094247787691232,-0.0285776780902128,-0.0212365562746431,-0.00886123709339166,0.0313599970158376,0.0118119142357328
"SAM000230_tp1",-0.0110705249931488,-0.00907814518484413,-0.00573936408838043,-0.0230845710295307,-0.0148132351033294,-0.0237704206882472,0.00454659732074238
"SAM000231_tp1",-0.0113371354070371,-0.00630915108591296,-0.0384050542359291,-0.012854864423907,-0.0124169884482188,0.0106171127625146,-0.0031577343200201
"SAM000232_tp1",-0.0107489859452202,-0.0113096569221035,-0.0158260300553586,-0.0306113057458724,-0.00744580446498102,-0.00992804710592569,0.000670076213554902
"SAM000233_tp1",-0.0111560046583182,-0.00846056677916318,-0.0076772968504594,-0.0339810715582898,-0.0115839478034893,-0.0274042628351032,-0.0200738033944849
"SAM000233_tp2",-0.0114438032488978,-0.0103028331107667,-0.0148980903649175,-0.0312959213286901,-0.00413220460568963,-0.00723333651086547,-0.0226944935476228
"SAM000233_tp3",-0.0113334350104076,-0.00862847911280038,0.0550042412815347,0.107824983814703,0.0036991886023699,-0.00514629536491646,-0.0208394777800695
"SAM000234_tp1",-0.0110704843664857,-0.00869018539023132,-0.0282538988215544,-0.0319112040700946,-0.00832442760493086,0.0489562654531011,-0.0123913219627528
"SAM000235_tp1",-0.0109468939781851,-0.00567178222691887,-0.00521466471989571,-0.0351623097682638,-0.0143363108912793,-0.0219234311345067,-0.00728392389358699
"SAM000235_tp2",-0.0114588893053684,-0.0093130217735395,-0.0259996350924351,-0.0329222588628622,-0.0126773470485632,-0.035836409497394,-0.0104478480141587
"SAM000236_tp1",-0.0089288121696357,-0.0100333145075013,-0.0251540603072083,-0.0201507822249554,-0.0136716707244712,-0.0278303820143723,-0.00881788730617703
"SAM000236_tp2",-0.0111196679725339,-0.0121268609288645,-0.0248342943709257,-0.0368518498833079,-0.00825399495170812,-0.0233191704960616,-0.00298205157534647
"SAM000237_tp1",-0.00667861103425511,-0.00464438723783928,-0.0121386888375229,-0.030844731489232,-0.00633448373473631,-0.019247615672814,-0.00146532994586697
"SAM000238_tp1",0.00353675692702793,-0.008593719196324,-0.0190598838120716,-0.0021623189437623,-0.00452838970139187,-0.0254941980114941,-0.00923139439377056
"SAM000238_tp2",0.000966783865129317,-0.00893604967692928,-0.0246811387091769,-0.0194941885454013,-0.0140219262547039,-0.0341922893916994,-0.0234348751858155
"SAM000240_tp1",-0.0109982736445341,0.00109969352537057,0.000126923538952621,-0.0354950670972682,-0.00771214601837543,-0.00426724630178995,-0.0179427689087134
"SAM000240_tp2",-0.0110704843664857,-0.00440261933533174,0.0344887582314526,-0.028273265951304,0.0075452763663679,0.00180122490813015,0.0012955507706416
"SAM000240_tp3",-0.0110704843664857,0.00899197343007648,-0.0127039729702733,-0.0418101336303486,-0.0102705188420532,0.015365676883648,-0.00681802840583837
"SAM000240_tp4",-0.0110704843664857,-0.00353215935764447,0.00815682821915321,-0.0341651642154686,-0.00993564487323671,-0.00933428641316949,-0.0123252992528606
"SAM000241_tp1",-0.0110704843664857,-0.00797526746416455,-0.0153585373284802,-0.0241788869083575,-0.0155102960645153,0.00387373162085548,-0.0257469765237465
"SAM000241_tp2",-0.0110704843664857,0.000346141143622218,-0.00711193672957845,-0.035734120094138,-0.00751110357503883,0.0124919666801693,-0.0306680462963573
"SAM000242_tp1",-0.0110770291496247,-0.00774186143569014,-0.0125822796360645,-0.0294395894747243,0.0187441808908614,0.0253557016172288,0.0121456286702822
"SAM000243_tp1",-0.0110704843664857,-0.00275256804841313,-0.03562961597629,-0.0568903067630569,-0.0061724612545237,0.0147534085093876,-0.0097420665970323
"SAM000243_tp2",-0.0110704843664857,-0.00845732673568892,-0.0292264344597808,-0.0406450595582397,-0.00613483327873681,0.0400519239399817,-0.000511677482988967
"SAM000245_tp1",-0.0110704843664857,-0.00641339101608845,-0.0286314808494734,-0.0214713606255911,-0.0113672729957873,0.000500875370882625,-0.00971485010960586
"SAM000245_tp2",-0.000377383418367256,-0.00814189997870514,-0.0167036341659578,-0.0211271959532443,-0.0125591472271095,-0.0019399210132236,-0.00833378229928496
"SAM000245_tp3",-0.0110704843664857,0.00854192877598518,-0.0242682472467567,-0.0305580463219936,0.0143849477155847,0.0467144806645128,-0.0149540834392876
"SAM000246_tp1",-0.0109488029664964,-0.00443612124872921,0.00759317499520166,-0.00833177294301071,-0.00294522401023887,0.0160855577604399,0.0215873007520626
"SAM000246_tp2",-0.0109556315827447,-0.00749799836885546,-0.014814672851268,-0.00445783920250999,-0.0154444199622229,-0.018541340680692,-0.00979958713616773
"SAM000247_tp1",-0.011106187472115,-0.00921041299118184,-0.0101644466873464,-0.0380631140323333,-0.0152355644861067,-0.0199675284603867,-0.0264932746370874
"SAM000247_tp2",-0.0111786451642181,-0.0105629323248211,-0.0228196217946029,-0.0370272913914765,-0.0140893407679708,-0.0140311474047729,-0.0229570996910086
"SAM000247_tp3",-0.0111103629120113,-0.00813090990604168,0.0113693742206054,0.0768781286666819,-0.014661776845342,-0.0288379682014596,-0.0148645271991586
"SAM000248_tp1",-0.0112991206193173,-0.00915863895343891,-0.0259288565852101,-0.0129882446526768,-0.0133566744044611,-0.0496029198646199,-0.0195111502368281
"SAM000248_tp2",-0.0111639109411643,-0.00952982597272848,-0.0284690917586885,-0.0355809267973497,-0.0142460083958033,-0.0327708639099324,-0.0217704916690724
"SAM000248_tp3",-0.011041891079007,-0.00889115065559521,-0.00996466007988929,0.118602598441794,-0.0115102828647181,-0.0517166261113092,-0.0129390408442388
"SAM000249_tp1",-0.00272217274216892,-0.00386708727130453,-0.0186807630180828,-0.0180257622455559,-0.0153150255770089,-0.044382663018185,-0.00824388113660129
"SAM000250_tp1",-0.0110704843664857,-0.0116583974479506,-0.0283305961877789,-0.0325012559996264,-0.0118558464025615,0.0263386200221815,0.00214125877808256
"SAM000250_tp2",-0.0110704843664857,-0.00557300312363426,-0.0161094089725329,-0.0314295167488024,0.000635458393657274,0.0261841240819662,0.00287236360418646
"SAM000250_tp3",-0.0108595639820569,-0.00156465568529624,0.140689315827881,0.0687800459256621,-0.00359849203541563,-0.0250111755163978,0.00299344297969791
"SAM000251_tp1",0.00719020372748509,-0.00116629180210941,0.00913505535675432,-0.0215589474262573,-0.0123743647819901,0.00396185776417094,-0.0045565281723764
"SAM000251_tp2",0.000213605791191273,0.00124883590494493,-0.00736155208695481,0.0296325645685696,-0.0127261599720078,-0.000699327177785682,-0.0159379198459099
"SAM000251_tp3",-0.0103817166275879,0.132096515420158,0.131834792549169,0.00377918885408878,0.0668471833948578,0.0251580459345726,-0.0166470891205791
"SAM000253_tp1",-0.00624232524290243,0.0119904696979092,0.00845791592268522,-0.0134941472839818,-0.0148631877644517,-0.0149436164446034,-0.0211342309908118
"SAM000253_tp2",-0.00161944170744275,-0.00374963600951259,0.0316229551655556,0.0114597205373431,0.00270137523275463,-0.0167914080613157,-0.0167840698787781
"SAM000253_tp3",0.00197379094352614,0.00432426077902898,0.025833868873698,0.0513424125117049,-0.012922640275924,-0.0113796891305332,-0.0265802256968479
"SAM000254_tp1",-0.0111510573204192,-0.00926493606712309,-0.0102745593438222,-0.0401129150526496,-0.0143269196123032,-0.0213905067793819,-0.0170417488887857
"SAM000255_tp1",-0.0110704843664857,-0.0070621904409267,-0.0124107016057911,-0.0179390600765218,-0.00977968215098125,-0.00348829902892567,0.00625845856707707
"SAM000255_tp2",0.000918658168357735,0.00855737693989921,-0.0188329102849321,0.0129443876661599,0.000451761644539972,0.0532897049799089,0.00289490519970337
"SAM000255_tp3",0.00245420178473502,-0.00956899705960489,0.00873666047531913,0.292515757024334,-0.00364683636300316,0.0183360818697278,-0.00527771108956243
"SAM000256_tp1",-0.00121202930125045,-0.00817661451785652,-0.0324132997185299,-0.0328170573657675,-0.0136772937925503,0.000607436585365153,-0.00601701142297385
"SAM000256_tp2",-0.0110704843664857,-0.00515703432972343,-0.0337766208129998,-0.0251467638768531,0.00062957686007474,0.046495057205477,0.022140373282867
"SAM000257_tp1",-0.00871101310687546,-0.00930495684747503,-0.0179020005374637,-0.0316357439427918,-0.0115864433190389,-0.0167144671969223,-0.0194080310016973
"SAM000258_tp1",-0.0110704843664857,0.00285363153314397,-0.0422986485526309,-0.0403646038536777,0.00576774704661683,0.0216750297688092,0.0482373880390301
"SAM000258_tp2",-0.0110704843664857,0.0202870128378028,-0.0371405192579208,-0.0331865554529265,0.0249058489509718,0.0396620777252239,0.0235002795025127
"SAM000259_tp1",-0.0110704843664857,-0.00678598005813624,0.0152182545967414,0.000316772638384755,-0.000943358222654483,0.0310318531671647,0.0355012331811613
"SAM000260_tp1",-0.0110704843664857,-0.00603322594022581,-0.0213165428819473,-0.00840297111328977,-0.00797720014402253,0.0179527521407887,0.00802081908407424
"SAM000260_tp2",-0.0113968877167183,-0.00613445350097739,-0.0127912481467267,0.0210264922764674,-0.0106837598241164,0.00734561639525002,0.0294563239424906
"SAM000260_tp3",-0.0113298357248852,-0.00943029128977177,-0.00827769202867762,0.0402730463780971,-0.0052934057804038,0.0068745387239859,0.0711350790281307
"SAM000261_tp1",-0.0110736181527041,0.000388202047094266,-0.0169294735407402,0.0107867457320904,-0.0152335319674277,-0.0229565999384318,0.000202192773602901
"SAM000261_tp2",-0.011070681383953,-0.0087997654232955,-0.0254802884974864,0.0120475804810559,-0.0153424605696226,-0.0250713716151935,0.0165766393977439
"SAM000261_tp3",-0.0110704843664857,-0.00380300593444606,0.0134612874614228,0.124661004707035,-0.0153424605696226,-0.021681690097147,0.0125249364395162
"SAM000263_tp1",-0.0112737602039637,-0.00950271281693805,-0.0148731296733543,-0.000686863140954224,-0.0136032637884627,-0.0151171541847822,-0.00915895853626721
"SAM000263_tp2",-0.0117973597234678,-0.00227709896040838,0.0984327568772959,0.0483443566144576,0.0149762165763133,-0.00708236817281952,0.00749490120740127
"SAM000263_tp3",-0.0112503749035372,-0.00956383142926818,-0.0120431428884887,0.151665965057381,-0.0115922892141291,-0.0157168240316309,-0.00745304612873204
"SAM000265_tp1",-0.00451679637360455,0.0926638170325719,-0.0317297834020366,-0.0197252580101337,-0.0109127617046314,-0.0175453760414939,-0.0219375728712187
"SAM000265_tp2",-0.0110704843664857,0.0450887855023483,-0.0164649787465659,0.000160925322990524,-0.0024307073596784,-0.0179244408207337,-0.0150272596647759
"SAM000265_tp3",-0.0110704843664857,0.0294369636280716,-0.0318704478975447,-0.0452362854217181,0.0100425372490962,-0.0125800083456605,-0.0218981132932743
"SAM000266_tp1",0.000944734915887058,0.0226251895143446,-0.0202521489432637,-0.00366622920037737,-0.0143587558927265,-0.0558816063471143,-0.0120010101954704
"SAM000266_tp2",0.00131504481629274,-0.00704366291204109,-0.0320615745273764,-0.0374719264699936,-0.0148575578635322,-0.0134953410067683,-0.0244950073138584
"SAM000266_tp3",-0.00386016422509611,-0.00690478229047835,-0.00809752109724102,-0.00688696918984097,-0.0153955367502439,-0.0359099679597857,-0.0150527180366376
"SAM000268_tp1",-0.0111024634852393,-0.00827202456393127,-0.0205448160438325,-0.0138538340758995,-0.013256933011819,-0.0322883890986843,-0.0212847499359636
"SAM000270_tp1",-0.00242328656542348,-0.00516496847063971,-0.00568415930494109,-0.0168735728990685,-0.00775336461952324,-0.0306313059634372,-0.0108063015851784
"SAM000270_tp2",-0.00163876946305544,-0.00453529390499388,-1.01331474975392e-05,-0.028316724584164,-0.00939183663671996,-0.0272562957833527,-0.0114490577993735
"SAM000270_tp3",-0.00591642359075556,-0.0048754775280289,0.00286555095529374,0.0225020164562678,-0.00970806889462449,-0.0270662262731157,-0.010798562261985
"SAM000271_tp1",-0.0110655832314192,0.0694660336441045,0.0206275881259904,-0.023758302711888,0.00747988752747158,0.00463640681610415,-0.000315088340165528
"SAM000271_tp2",-0.011051248158206,0.180693005592272,0.00147150307004585,-0.0321735269577862,0.00431720289073955,0.0624427131106966,-0.00997541845000078
"SAM000271_tp3",-0.0110704843664857,0.108143227267251,0.00242663908374445,-0.0278017317445907,0.00992066225314673,0.0126592498817677,-0.00747517875060816
"SAM000272_tp1",-0.00031753481130782,-0.00518528337427767,-0.00053144054260902,-0.00647418327367019,-0.0096601511014302,-0.0257305400280129,-0.0201281627178684
"SAM000273_tp1",-0.0109680355546261,-0.00212845177648523,0.0398110163034012,-0.0249512885402656,0.0449746519399697,0.048247369684028,0.0277989333147206
"SAM000273_tp2",-0.0109970555145009,0.00129225163572189,-0.0216662816929432,-0.0426926200102614,0.00927004747907487,0.0531634575881554,0.00931810670447721
"SAM000273_tp3",-0.0110135023339412,-0.00530367166997608,0.049552939754883,0.053713543683314,0.0213267267886993,0.0184352108413088,0.00874818158529842
"SAM000275_tp1",-0.0110704843664857,-0.00151233587302583,0.00670518560843047,-0.0128218503309725,0.0128864586529487,0.0229334176490856,0.062344517109419
"SAM000275_tp2",-0.0110704843664857,0.00871475652255472,-0.0142503727283102,-0.0292600136357017,-0.00211640359792284,0.0251500870762425,0.014531639248462
"SAM000275_tp3",-0.0110704843664857,0.00163169297961027,0.0469270398040573,0.121896242355284,0.000922139643838831,0.0319105558869482,0.055808860052566
"SAM000276_tp1",0.00561462696320704,-0.0101567537886535,-0.00504980340027167,-0.0237734797487172,-0.014602600765538,-0.0176993990101863,-0.0195422996153775
"SAM000276_tp2",-0.00523172748219262,-0.0083422559254845,-0.00681818131303527,-0.0250465768858292,0.0163864000555618,-0.0325129995393695,-0.0167423433307718
"SAM000276_tp3",0.00366729731175379,-0.00937212014179618,0.00601687217430567,0.010613927673889,-0.0114081618061266,-0.0238604399957323,-0.0173555461339065
"SAM000277_tp1",0.00556526400349136,-0.00232439573149337,0.00341390645964148,-0.0199363739943084,-0.0135933348017821,-0.0231907685179542,-0.0156528067228337
"SAM000277_tp3",-0.00737637953049936,-0.00923138501298798,0.0167008969774698,-0.0174340075621933,-0.0152587820306882,-0.0150916444497164,-0.0277124449996891
"SAM000280_tp1",-0.00965207175980818,0.00593373531597746,0.00879639572458101,-0.026690299306243,0.143708724504464,0.0875949166120861,0.0848009002880821
"SAM000281_tp1",-0.0113838542696957,0.000773139422082,0.0568375600163911,-0.0303707349774019,0.0024162957400711,-0.013158921579698,-0.0176520037849355
"SAM000282_tp1",-0.0110704843664857,0.932116741386344,-0.0268233733172869,-0.0355998034163493,-0.0123880354694905,-0.011459799233223,-0.0152376783203851
"SAM000283_tp1",-0.0103697369648661,-0.00868186018382334,-0.0128237291191965,-0.00673456351884837,-0.0136416135467068,-0.045116907589117,-0.010341628397326
"SAM000283_tp2",-0.0112941528311266,-0.00978101354863541,0.00612465513205615,-0.023168296877682,-0.0121304792532612,-0.0397044914646333,-0.0271630722308349
"SAM000283_tp3",-0.011457533136553,-0.00823663508056425,0.0683186919636126,0.011383541133415,-0.00875524252952844,-0.0301893935814575,-0.0155106878959518
"SAM000284_tp1",-0.00274200321256607,-0.0030075469298613,-0.0103719480673039,-0.0277015978047005,-0.0124077884511236,-0.0333857853342456,-0.0212602950268889
"SAM000284_tp2",0.0998041727424968,-0.00873479422522166,-0.00703603647918729,-0.019267707137451,-0.0119822866700881,-0.0242448592547179,-0.00421134149656118
"SAM000284_tp3",0.236120366011588,-0.00815552930053816,-3.65888459750545e-05,0.0525534087690556,-0.0152811157708707,-0.0192677332373718,-0.0201104746979507
"SAM000285_tp1",0.0872100017887758,-0.00778599344686279,0.00983661756795377,-0.0200597978530653,-0.0147680850413755,-0.0118076041393803,-0.020350391759149
"SAM000286_tp1",0.252127068990044,-0.0079354435180716,-0.0180713268484218,-0.0366802852697212,-0.0153424605696226,-0.0271043925641296,-0.0178899646536167
"SAM000286_tp2",0.213185812356397,0.00502550300186083,-0.0220360214653024,-0.0273343961397825,-0.0153424605696226,-0.0242183957959758,-0.0174993521796102
"SAM000286_tp3",0.124540523897233,-0.00666179920534567,0.0202200121818992,0.0425140239397788,-0.0153424605696226,-0.0346135529601468,-0.0113882995753809
"SAM000287_tp1",-0.00758744902824846,-0.00812173885903729,-0.0143169148241348,-0.0300907962412509,-0.0150161580861879,0.00990207078993928,-0.0173070288271227
"SAM000287_tp2",-0.00636717150924165,-0.00831345258668405,-0.0117771308006197,-0.021804668260996,-0.00493789748146557,0.0101744726351588,-0.0125941896250186
"SAM000287_tp3",-0.0116262820175483,0.0219789823496824,-0.0367423154321724,-0.0329393849627197,0.00845988003975602,0.0181505223686991,0.0238400240088558
"SAM000288_tp1",-0.0112125924403345,0.00530730468407457,0.0305317332165727,0.00363944308615114,0.0454518587371919,0.0317349644045056,-0.0165658231843333
"SAM000288_tp2",-0.0111605745484797,0.0215339210578598,0.049908821246447,0.0664595414207278,0.0135490377317302,0.0480056635586156,-0.00232465739235503
"SAM000290_tp1",-0.00401312480873544,-0.00886473926683781,-0.0139682906017404,-0.0262729835955171,-0.0123027748084226,0.0223776611272358,-0.00601670958171731
"SAM000290_tp2",-0.0112780065576197,-0.00948498018729805,-0.0268231955551011,-0.0121731511200898,-0.0124093627276551,0.0159276565221994,-0.00584370432152658
"SAM000290_tp3",-0.011121845074265,-0.00806607568638617,-0.0190468633156159,0.00828624630034562,-0.0127461190674613,0.0234542273786051,0.0516746300251473
"SAM000291_tp1",-0.0112070654276371,-0.00943715003608931,-0.0361387878072367,-0.0275845693036535,-0.0152787083967525,0.0121866837746769,0.00152617128158296
"SAM000291_tp2",-0.0113425478279962,-0.00947795511169624,-0.0328568855045046,-0.0338214025748727,-0.0150164879198736,-0.00386282897300622,-0.0150488043565736
"SAM000293_tp1",-0.00145606126840942,0.0135191925233447,0.0528187994168076,0.00184114048912761,0.00498273195927449,-0.00482300763483794,-0.0211235649857719
"SAM000293_tp2",0.000463212118903368,-0.00221699789975391,0.0733623733061896,-0.00347406658527772,-0.00808146602140346,-0.0322780102481022,-0.0300893669217617
"SAM000295_tp1",-0.00402166363325922,-0.00899247722205879,0.00400209836730101,0.0273715171501982,-0.00975748984365102,-0.0270272065685461,0.00254988240308763
"SAM000296_tp1",-0.00528572151585056,-0.00963529046393405,0.0213919630489829,0.0105021813531126,-0.00404513150217353,-0.0253352424549999,-0.00775714427115333
"SAM000299_tp1",-0.011239337964131,-0.00893928724629298,-0.0118009870782494,-0.0244156122243326,-0.0125830826160406,-0.0105108939648421,-0.0150750843273156
"SAM000299_tp2",-0.0116429048997282,-0.00944235022643967,-0.015304970871174,-0.0310393320369607,-0.00659605471642788,-0.0062983522783267,-0.0149459316492378
"SAM000299_tp3",-0.0115231359058228,-0.00103133602715524,0.00456885297508295,0.0290182201807672,0.0213906233311467,-0.00703477094915152,0.00225493392217224
"SAM000301_tp1",-0.0110704843664857,0.0147286093818436,-0.0213843842932761,-0.0200297029796938,-0.00584290256290931,0.033675916260568,-0.00816924811293691
"SAM000301_tp2",-0.0110704843664857,0.0081511041242415,-0.018275446931005,0.0183359925159848,0.00683522447117932,0.0308572559399675,0.0237888923499739
"SAM000301_tp3",-0.00984799010673354,-0.00854249428283507,-0.0133090600604789,-0.0325913205528523,-0.0142861933411205,-0.0278996388248178,-0.0088014077338856
"SAM000302_tp1",-0.0110704843664857,-0.00761522367064975,-0.0386132130520185,-0.0365961902816757,-0.00814212921656328,0.0202504799837369,-0.00340666037518121
"SAM000302_tp2",-0.0110704843664857,-0.00994803132689875,-0.0289910534303027,-0.00385703558295973,-0.00738272299610119,-0.00691823088807273,-0.0152701092873323
"SAM000302_tp3",-0.0110704843664857,0.00774927019464947,-0.0122306574624419,0.0337876212878776,0.0160694016875312,0.0327182077871814,-0.00325364774963947
"SAM000303_tp1",-0.00890693934122224,-0.00648022530110612,0.00489847791748156,0.034404785379941,-0.013962506757831,-0.0300151662193527,-0.0204951474295941
"SAM000304_tp1",-0.0110704843664857,-0.000561732858011426,-0.00453516622355933,0.00304124366000286,-0.00170592947455959,-0.0158590257048267,-0.0243392851533339
"SAM000304_tp2",-0.0110704843664857,-0.00518529666885023,0.0391864240079811,-0.0128293836662447,-0.0118834381342965,-0.00854687124526073,-0.026626527960987
"SAM000304_tp3",-0.0110704843664857,0.0233606252746286,0.0654037161458313,0.0515645216583627,0.00190037435090619,-0.0109458848029542,-0.0273792175838978
"SAM000305_tp1",-0.0110704843664857,-0.00648768752590151,-0.0314341050831759,-0.0258563066144365,-0.0129299659242991,0.00252057847180666,0.0404958084770645
"SAM000305_tp2",-0.0112156895754533,8.62219139079631e-05,-0.0101654669846853,0.0284902543587035,0.00989165198802089,0.027704579394627,0.141243618953243
"SAM000305_tp3",-0.0110765903553123,0.0053791289128869,-0.0282535141110811,0.000990781918855036,0.000660743610407994,0.0222854414744768,0.13000596949642
"SAM000306_tp1",-0.0110704843664857,-0.00561824233115308,0.198733631535871,-0.0334289029149173,-0.00170276343103068,0.0136901240443361,-0.0164625228180437
"SAM000306_tp2",-0.0109474292221032,-0.00403926765856817,0.118313272472387,-0.0172156001010213,-0.00383859852282617,-0.0146018122744803,-0.00539485789619531
"SAM000307_tp1",-0.0115615071813721,-0.00707444228528567,-0.0226312213360292,-0.0279231755560605,-0.014959301907443,-0.000904206432765148,-0.0144529074229313
"SAM000307_tp2",-0.0111770915347292,-0.00485329930266609,-0.024856637027289,-0.0275862342292461,-0.0141497526930675,0.00608576203617337,0.0181937647499968
"SAM000308_tp1",-0.0104603317647315,-0.00356157328736595,0.0349601136547304,-0.0068541568291239,-0.00918863090969249,0.00234052239353551,-0.0159523477486101
"SAM000308_tp2",-0.00957350035091286,-0.00784472234196363,0.0393939975309334,-0.0105050077330022,-0.0121270974544971,-0.00240453474546391,-0.0260100829473939
"SAM000308_tp3",-0.0107322253257567,-0.00830797366255972,0.0574693215832422,0.0203172200766133,-0.014908000956791,-0.0104244481941957,-0.0230953049700941
"SAM000309_tp1",-0.0111631122513375,-0.0058346493253718,-0.0282600402965738,-0.0351067100667447,0.00869315577058306,0.0468832511036554,0.00267118523028576
"SAM000311_tp1",2.79883369227391e-06,-0.0101909286978222,0.009277837141127,-3.30954668948381e-05,0.000111672229770206,-0.0492593577433754,-0.0176157189777379
"SAM000311_tp2",0.0114892545723229,-0.00963540934255833,-0.0133398886186534,0.0117707912661402,0.0040698237335183,-0.0336529491162722,-0.0290877033650436
"SAM000311_tp3",0.00814608527828442,-0.00899624546093001,-0.0154956438298078,0.060252734604915,-0.000107101789339405,-0.0336316124298781,-0.0269546306816051
"SAM000312_tp1",-0.0110704843664857,0.00783008709574041,0.0414107794189833,0.0709205801997567,-0.0144573206530981,-0.0155219321345992,-0.0285444070259029
"SAM000312_tp2",-0.00995325261190696,-0.00815101133817377,-0.0149240960377309,-0.0243451749908068,-0.0129244909576469,-0.0550137714180211,-0.0207806019306989
"SAM000312_tp3",-0.0107144442392906,-0.00727901912964804,0.0136276522518209,0.0223130322947337,-0.00792745593053849,-0.0256479072131798,-0.0227566239447262
"SAM000313_tp1",-0.0113281371697144,-0.00956007645844389,-0.0242116299680129,-0.0431642972240852,-0.00586526202331158,-0.0281954519280464,-0.0138076334996867
"SAM000313_tp2",-0.0116578500126129,-0.00985901884146286,-0.0237215697481411,-0.0276589192461763,-0.00877749560390368,-0.0223493831221002,0.027021291845063
"SAM000313_tp3",-0.011813836262089,-0.00683598578275445,0.0383858841765795,0.0973167848849578,-0.00951072976427122,-0.0214210322366691,0.00622168394368286
"SAM000314_tp1",-0.0110949245151293,-0.00161214921730844,0.0235619068710059,0.03344125664863,-0.0135276718998461,0.0116163315685671,-0.0200458209000979
"SAM000314_tp2",-0.011907222403936,-0.0091438728008039,-0.0238426116368272,0.0193105878835284,-0.00764546043181112,0.0261413201912577,-0.00777064139126198
"SAM000314_tp3",-0.0112623253740479,-0.00643470364206601,-0.0228430259354471,0.110667685650676,-0.011367039440224,0.0370246110693945,0.0189509456323556
"SAM000315_tp1",-0.0117340047124942,-0.0099430407628254,0.0076560400831094,-0.0120359633928261,-0.00586208844413157,0.0451378012972777,0.000460112796948403
"SAM000315_tp2",-0.00627214742554351,0.0108026941374445,-0.0256187722366703,-0.022366596360341,-0.00372936637047457,0.0204517524172074,0.0040735984106194
"SAM000316_tp1",-0.0110704843664857,-0.00347671661379552,-0.0297374057495734,-0.0456456546660946,0.00720361158817362,0.0235510436373822,-0.0128580724609381
"SAM000316_tp2",-0.0110704843664857,0.00669431423050909,-0.0327536171507537,-0.0222731249258998,-0.0112157819538187,0.0027241164803252,0.0426819804947383
"SAM000316_tp3",-0.0110704843664857,0.0201480153507621,-0.0151137301326246,0.0205646648572547,0.0884910208961105,0.221178154808864,0.0739223290299334
"SAM000317_tp1",-0.0110704843664857,-0.00701788501988328,-0.027718956093424,-0.0402769534614259,-0.0066218853473035,0.00357213459376708,0.0302529931844909
"SAM000318_tp1",-0.0110704843664857,0.00298294372458263,-0.0233529505087384,-0.0310560278806709,-0.0101330779501579,-0.0149151275584416,0.000306313694451159
"SAM000319_tp1",-0.0110704843664857,-0.0100798619009282,-0.0325487448948182,-0.0413433574829559,-0.00547033478664016,0.0234852649463455,-0.0121935945456484
"SAM000319_tp2",-0.0110704843664857,-0.0103791037963825,-0.0106299652209335,0.0427199700257802,0.00457409403909646,0.0291595820010683,-0.0221072969903881
"SAM000319_tp3",-0.00631498809891243,-0.0116215228392647,-0.0265008923413342,-0.0246629115890469,-0.00881768378386086,0.00256098989352523,-0.0194433980523977
"SAM000320_tp1",-0.0111156642647358,-0.00781518098937683,0.005375946252015,-0.00583674695064076,-0.0147257905557122,-0.0263611274357007,-0.0253869972072869
"SAM000320_tp2",-0.0108120929918296,-0.00433006555620342,0.0777388042503732,-0.00826955561224846,-0.00719947267505413,-0.0192588551681116,-0.0281173290326669
"SAM000320_tp3",-0.00605137028529228,-0.00138318312545235,0.0432206663222708,0.0702870601683956,-0.00696403594588837,-0.0199558746800911,-0.0263502655733319
"SAM000321_tp1",-0.01119051810786,-0.0101928008708616,-0.00967583749763467,-0.0256254022812706,-0.00930196624887781,-0.0279002855651766,-0.0243937625431138
"SAM000321_tp2",-0.0116868532964462,-0.00838827461004137,-0.00334818778726514,0.0494915909784937,-0.0134120118694727,-0.017105036704331,-0.0186916105934721
"SAM000323_tp1",-0.0110704843664857,0.00416453137722024,-0.00849776355177512,-0.00493957205989894,0.0415732201494997,0.055511585319348,0.00422891461572571
"SAM000325_tp1",0.0254827024032802,-0.00195348823406175,-0.0112318189367612,-0.0152017317312647,-0.00515783979967285,-0.021467888123993,-0.017891977568699
"SAM000326_tp1",-0.0110704843664857,-0.000651050683580447,-0.00629363405959684,-0.0370992468288269,0.0190214081849815,0.0124458938642192,-0.0172866723578603
"SAM000326_tp2",-0.0110704843664857,0.0135274730207248,0.0241601293175916,0.00469940794200717,0.0478261677587073,0.0447893309337598,-0.00767539581910871
"SAM000327_tp1",-0.0110964983623657,-0.0104322099496496,-0.0283031839133898,0.000714942625738234,-0.0139243525224867,-0.0136202852258164,-0.0119783746374825
"SAM000327_tp2",-0.0119180438870192,-0.00450156379150687,0.233288909068465,0.0327158530809937,0.0163735010275184,0.028121637704198,-0.0219326348385589
"SAM000327_tp3",-0.0111561563163277,-0.00392432861772194,0.00231679646842529,0.115597629890875,-0.00840178425613793,0.00112094972803348,0.0683019109114819
"SAM000329_tp1",-0.00773711529372973,0.0126123467728263,0.0247351096340637,-0.0204322722456013,-0.010200981411298,-0.0234512302086845,-0.0026683258570133
"SAM000329_tp2",-0.00886478455790893,-0.00460228916391422,0.0151122187062157,-0.0243961452185422,-0.0120859525358974,-0.013826095554935,-0.0142509898729196
"SAM000329_tp3",-0.0103224349984451,-0.00898290977608462,0.524860196605213,0.100892399200688,0.0178814645196493,0.0157579650750691,-0.010172131094721
"SAM000330_tp1",-0.0110724592598276,-0.00974881494681551,-0.0280723252511452,-0.0355541789459651,-0.0126730287313422,-0.0212933017618038,-0.0104073366766404
"SAM000330_tp2",-0.0110756035868125,-0.0063194217838471,-0.0173840703413625,0.00472115393905025,-0.00535896401594475,-0.0159764500545287,-0.0162777455270278
"SAM000331_tp1",-0.0118159459349098,-0.00965547944101561,-0.0351814855252295,-0.0315647997755083,-0.0149665616564373,-0.0202893125090574,-0.011258819787899
"SAM000332_tp1",-0.0112986485831134,-0.00880257135433817,-0.0355223524780099,-0.00384460060099218,-0.00965662262173875,-0.00700165989161896,-0.00155326623749441
"SAM000332_tp2",-0.0113249187034401,0.00261420404784395,-0.0280656093406791,0.0285344077371071,-0.00860983890779632,-0.00667949290787373,0.00596120585283325
"SAM000332_tp3",-0.0110094060624729,-0.00849859154862515,0.012009145556061,0.122656069679681,-0.0128221765018495,-0.000632291335278138,-0.00396534350492174
"SAM000333_tp1",-0.0114497666373374,-0.00705740194390589,0.0188643602181569,-0.00786326216962611,-0.0091286526489505,-0.00371016201892252,-0.0429747850269823
"SAM000333_tp2",-0.0109128288774919,-0.0097097400282873,0.0180086559890159,-0.0257836596132978,-0.00946585936305372,-0.00145768905175451,-0.0281715191601476
"SAM000333_tp3",-0.0102393566609056,-0.00995600211837706,-0.000575251966815162,-0.0234678640256002,-0.0115508081778472,-0.0152753672225259,-0.0227786427900434
"SAM000335_tp1",-0.0105317098880297,-0.00200235347984467,0.0189504811734916,-0.0165726634303671,-0.0103268880411716,-0.0221848765759732,-0.0251686294893593
"SAM000336_tp1",-0.011443995864833,-0.00868443724118782,-0.00987154777754642,-0.0246548945023202,-0.00989240609275412,0.0033699728055012,-0.0105629759138663
"SAM000336_tp2",-0.0123168189638073,-0.000181857367527069,0.0184836429130076,0.0123337153517509,-0.00076553575266343,0.0116981416532832,0.00538313999844833
"SAM000337_tp1",0.0026429773094902,-0.00729566230975446,-0.0273260815976267,-0.0313133970769388,-0.0157772593542088,-0.027333878131138,-0.0117755376136912
"SAM000337_tp2",-0.00125490420979258,-0.00469337525348755,2.48177439417358e-05,-0.038062318036453,-0.0122576987086515,-0.0320494867780168,-0.0243088892560368
"SAM000337_tp3",0.00308142487853926,-0.00319050873690835,0.00280525398550327,0.0407764111389523,-0.00426930871341255,-0.0251396491217498,-0.0185412476811017
"SAM000340_tp1",-0.0121566946706681,-0.00988298801296639,0.00610421530934437,0.0123169808205918,0.000797093619974168,-0.0178316887297488,-0.0212400624028292
"SAM000340_tp2",-0.00932725909647165,-0.00485593901173377,0.092122705460247,0.000203520322369588,0.00734237660460553,-0.0107763360032293,-0.0275755736142529
"SAM000341_tp1",0.0172116619172325,-0.00868702783061357,-0.0104332825084645,0.032236919635769,-0.00819677093566826,-0.0099930300287316,-0.0142883445128203
"SAM000342_tp1",-0.0105298765846546,-0.00355056302629863,-0.0037256081820557,-0.0349213885195003,0.00896169460496841,0.00958700732411416,-0.00453978610145587
"SAM000342_tp2",-0.00682813790199885,-0.00607416405776145,-0.0210325226194395,0.0189980375599613,0.00548990621855868,-0.0079485469993581,0.00615517000526244
"SAM000343_tp1",-0.0110704843664857,-0.00859950948084316,-0.0196590368919211,-0.023135056822919,-0.0108428887392504,0.0190694218544873,-0.0106034858735753
"SAM000345_tp1",0.0191917970051619,-0.00857157238758649,-0.0156235233956231,-0.030758602438032,-0.0151999447519125,-0.0206193618922713,-0.027339242110138
"SAM000346_tp1",-0.00260669365698711,-6.85420475230135e-05,-0.00391850379259626,-0.0251630111010903,-0.0125888722714443,-0.0255617882001005,-0.00335415211090632
"SAM000347_tp1",0.0116078144208516,-0.00281157455732899,-0.0226201505646279,-0.0397434392522331,-0.0148486211829416,-0.0240096077753832,-0.0232209337191887
"SAM000348_tp1",-0.00203216148209412,-0.00493999723467911,-0.0357978148289207,-0.0450521428731257,-0.0123110515397791,0.0169720552849947,0.0530223257467867
"SAM000348_tp2",-0.0047483584134392,-0.0110010743451168,-0.0321082857280086,-0.0300757688499053,-0.0146766716164934,-0.00358642090364737,0.0506561065208094
"SAM000349_tp2",-0.00762916569174105,-0.000371545050246842,-0.015959812482084,-0.021415502959647,-0.0149295285978479,-0.031171424190109,0.00138880129802738
"SAM000349_tp3",-0.00449471017479277,-0.00982267841767235,-0.03286577640852,-0.018662672683768,-0.0153424605696226,-0.0199641026589795,-0.00960589964947811
"SAM000350_tp1",-0.0110746069347577,-0.0107571219129933,-0.0237394502431549,-0.0211291622354084,-0.0111586739515777,0.00397534047604331,-0.00893939897049005
"SAM000350_tp2",-0.0111040979957055,-0.00983886619980579,-0.0113940021239776,0.0099037127244178,-0.0119347292962205,-0.0198175459221121,-0.00201365866842118
"SAM000350_tp3",-0.00613692612552352,-0.00744678502513476,-0.0080163974278025,0.0843329987719867,-0.0120359290212334,-0.0176149466561573,-0.0009138244589545
"SAM000351_tp1",0.00602124935412609,-0.00684009380487124,0.00734619573873441,-0.0164037116173201,-0.0136025085134362,-0.0272591419899703,-0.0254033201523611
"SAM000351_tp2",0.0066633956824942,-0.00916121147533466,-0.00779574668014106,-0.0149687648239751,-0.0150573185212194,-0.0196787113235393,-0.0121630948490496
"SAM000351_tp3",0.0110797253058804,-0.00999544591276346,-0.0357584424416408,-0.0241432098037841,-0.0135381015465516,-0.0173393334153826,-0.0189329093645709
"SAM000352_tp1",-0.0109600677616118,-0.00460522999493797,0.0219991229379975,0.0154550893190281,0.0306282392469218,-0.00864223518956525,-0.0311025271815398
"SAM000352_tp2",-0.0105206757676924,-0.00551848575794088,0.0657468616634977,0.137535765651887,0.024687226698445,-0.00844744126010202,-0.022873908925452
"SAM000353_tp1",-0.011502150213912,-0.00872255740620697,-0.0111551099149625,-0.00105382809307238,-0.00221471686333399,-0.047832586982847,-0.0220432048449063
"SAM000353_tp2",-0.0113931502435426,-0.00781121238798763,0.0316700910472219,0.119440450640629,0.000312037555148508,-0.031686044960813,-0.0118118771142894
"SAM000354_tp1",-0.0110704843664857,-0.0094193457976948,-0.0314945598799954,-0.0358026288927186,-0.00470101140822465,-0.0135003289584502,0.00604707059377407
"SAM000354_tp2",-0.0110704843664857,0.0113048942310048,-0.0176960445207507,0.221886369044052,-0.0118743330014798,-0.000384613439393591,0.0220973059260108
"SAM000354_tp3",-0.0110704843664857,-0.0098040013083356,0.0210187413836638,-0.0315812916333739,-0.0112152260110074,-0.00604716364715061,-0.00312056153638327
"SAM000356_tp1",-0.0110704843664857,-0.00610499880409797,-0.0295068348160958,-0.026089542161576,-0.00344553021900391,0.012703846747962,0.0265634895512912
"SAM000356_tp2",-0.0110704843664857,-0.00505270851044341,-0.0272082212360917,-0.0340440240086477,-0.00841414868496796,0.0154591144490166,0.00901206707494236
"SAM000356_tp3",-0.0110704843664857,-0.00561541561866013,-0.0181890236438466,-0.0174989019498901,0.00878623544718937,0.0418834263398535,0.0555658324889235
"SAM000357_tp1",-0.0105956061306112,-0.00933811575398538,-0.0252087832375861,-0.0288239363301083,-0.0115115277124528,-0.0469284586514176,-0.00234058232184557
"SAM000358_tp1",-0.0110975363609058,-0.00884277035313396,-0.0299706501454777,-0.032312836328499,-0.0146299363939404,-0.0255834969216511,-0.0142422217807323
"SAM000359_tp1",0.0101071201456829,-0.00173990112219764,-0.00117961104469301,-0.0113207722184449,-0.00882252394549977,-0.027233885453448,-0.0165099492031758
"SAM000360_tp1",-0.0110950602051912,-0.00876097401600472,-0.027986562420378,-0.0325245049101809,-0.0144657686547328,-0.0262920904197265,-0.0163704875563795
"SAM000361_tp1",-0.0110736111634367,-0.00306220849417369,-0.0310175151643168,-0.0407118630539699,0.0760571133819648,0.0111879740206318,-0.0102500419133575
"SAM000361_tp2",-0.011116314698349,-0.00994938716937386,-0.000781646824303055,-0.0155625904744248,-0.0139414999783655,-0.0319276068707641,-0.0305640981164803
"SAM000362_tp1",-0.0112005408673892,-0.0074796716341191,-0.0175403415068126,-0.0165429518915559,-0.0137919499998518,0.00634948086981886,-0.00168889577401604
"SAM000363_tp1",-0.0110704843664857,-0.00663800861777807,-0.0167809804015464,-0.0163724691142797,-1.353189386931e-05,0.0172284474552247,-0.00588487583215484
"SAM000363_tp2",-0.0110704843664857,-0.00251146511263933,0.115262333506948,-0.0105898071059847,0.00800935416679305,0.0232931818371125,0.00569756850765358
"SAM000363_tp3",-0.0110704843664857,0.00378082399063392,0.111906704085878,0.112732541290312,0.0245561374893841,0.0190153400922966,0.0472415935143191
"SAM000364_tp1",0.00887176813977033,-0.00341643937270519,-0.025286796931275,-0.0355881653366895,0.0147288889290772,0.000883056917893043,0.0290967889091205
"SAM000364_tp2",0.00141513951440449,-0.00265008820687241,-0.00966133227093475,0.0105333563427088,0.0140406088308557,0.00133497527265509,0.0220857459965558
"SAM000364_tp3",0.00152079482676399,0.00466259526918267,-0.00227659415684967,0.0318300462542715,0.0213722752202731,0.0178200523527305,0.0400860359031105
"SAM000366_tp1",-0.0116258135854395,-0.00935851259910361,-0.0036330402305886,-0.0300727809447564,-0.000745475924404067,0.00581708407141988,-0.000413024723375542
"SAM000367_tp1",-0.0110704843664857,0.0102530671480172,-0.000338841905939261,-0.00907499700045699,0.0421525543572272,0.0719860782780475,0.03914830960467
"SAM000368_tp1",0.65175096945451,-0.00963138193279447,-0.0255158244550062,-0.0323212976518503,-0.0142948238939878,-0.013140213461348,-0.0204548927370432
"SAM000368_tp2",0.299773055503565,-0.00409932834439041,-0.0152642120879126,0.037965113760437,-0.00808393572966451,-0.0357263630690965,-0.0209124629860368
"SAM000370_tp1",-0.0111562429551185,-0.00635343713380017,-0.0118890344740959,-0.00161535175683899,-0.010866998982209,-0.02810657574405,-0.0100477516135198
"SAM000370_tp2",-0.0061288748912425,-0.00972909492006057,0.00691565668113817,0.110555531219729,-0.0122339262586644,-0.0285127702243514,-0.00601823526242812
"SAM000371_tp1",-0.0110787883548065,-0.00810064462415218,-0.0103508785206319,-0.0176900933376069,-0.0126381870407057,-0.0225961674627824,-0.0111415590358271
"SAM000372_tp1",-0.0111721745194516,-0.0113100449665206,-0.0229008222831861,-0.0253459461693629,-0.00815294468935245,-0.00383385579782089,-0.0193660133782349
"SAM000373_tp1",0.0072116505331927,-0.00802661185951245,-0.018282237242842,-0.0233970712368409,-0.0103401655029056,-0.0236005171744938,-0.01918949250022
"SAM000375_tp1",-0.0110704843664857,-0.00741096207779294,-0.0325993111296341,-0.0283586318261328,-0.00519457068367384,0.0136221917464612,0.0197305056475705
"SAM000375_tp2",-0.0110704843664857,-0.000224236682555777,-0.000502034132558323,0.08143148389903,0.0162576041229071,0.0329533472734642,0.0276197779556371
"SAM000376_tp1",-0.0110704843664857,0.0115773714670701,-0.0352755762845105,-0.0170430296052025,0.0100033801581393,0.0282488062091978,0.0126146381023809
"SAM000378_tp1",0.0175966317247761,-0.00941903591267505,-0.00393677590061454,-0.00372989194468865,-0.0108267707120711,-0.0495840482629201,-0.007767197583778
"SAM000378_tp2",0.00766688962777194,-0.0080918689834229,-0.00747597664889984,-0.00809675943634487,-0.0129365955586461,-0.0327726608297699,-0.0143317371115616
"SAM000379_tp1",-0.0110704843664857,-0.0104406986265713,-0.0359827335672763,-0.017030147637765,-0.0133071267301644,-0.00851035438140991,0.00563376301811645
"SAM000379_tp2",-0.0110704843664857,-0.00778956404210047,-0.0257031911884001,-0.0345748992217437,-0.0136892570046501,-0.00934499687296046,-0.0135460953007696
"SAM000380_tp1",-0.0110704843664857,-0.00768276165195917,-0.0427707461331735,-0.0369132796521988,-0.0165672503277921,-0.00205730320641081,-0.00137244454343261
"SAM000382_tp1",-0.0111782609655415,-0.00598208025065484,0.00490811510562386,-0.00775426574675754,0.00670808817064654,-0.0541203666812913,-0.0143928843557867
"SAM000383_tp1",-0.0107445152386781,-0.00558648038506537,-0.0300906985461137,-0.0393609409332405,-0.00665467116648669,0.0196067867624545,-0.00456617299172968
"SAM000384_tp1",-0.000739320915246603,-0.00922396166395833,-0.0395043289313794,-0.0366804265106286,-0.0075539532166531,-0.0158982157624686,-0.0224819021609635
"SAM000384_tp2",0.200018067400792,-0.0065847698139193,-0.0112969062247794,0.062034895672218,-0.0109253842693357,-0.0178576501923394,-0.0181543888425334
"SAM000385_tp1",-0.0117860535432431,-0.00211416359410828,0.0977205097029266,0.0203164008936007,0.0344008138531255,0.0391648272320569,-0.0120380671858382
"SAM000385_tp2",-0.0110704843664857,0.00703978904587416,0.200414348035728,0.0181098215233236,0.104092156072995,0.108531358914085,0.0472671871933127
"SAM000386_tp1",0.0544450268331633,-0.00670746411809833,-0.00185173354285321,-0.0206324286761921,0.0217161411267453,-0.0117179474583349,-0.0206633664349785
"SAM000386_tp2",0.347854085615472,-0.00665990646903956,-0.00392116455429068,0.0408691717793804,-0.00376633462520042,-0.0118701996082332,-0.0110690698132792
"SAM000387_tp1",-0.01112787759781,0.0188897191325738,0.0445831186816556,-0.0248040574760263,0.0229845477726219,0.048993681536838,0.0040386692683673
"SAM000388_tp1",-0.0110704843664857,0.00155233651832233,-0.0265882133749816,-0.0357199351499614,-0.0140052661062355,0.00711647780089083,0.00985106148792941
"SAM000390_tp1",0.0239836621179454,-0.00744315420964909,-0.0209380292775636,-0.0288093538857324,-0.0142331150646241,-0.0283744931526192,-0.0199584021008724
"SAM000393_tp1",-0.0110704843664857,0.00401687274919805,-0.00348296062025926,-0.015652715173663,0.334062972631041,0.0406436015296075,-0.0277709863013367
"SAM000393_tp2",-0.0110704843664857,0.00140465415550545,0.0934583556035565,0.0157422646586712,0.844079995773729,0.00873565427587991,-0.0173661012750208
"SAM000394_tp1",-0.0110704843664857,0.0021233643826233,0.0195944644767229,-0.0309787497509969,0.0124480439026645,0.035276301866186,-0.00264268816006475
"SAM000394_tp2",-0.0110704843664857,0.029894073354403,-0.0113052673338999,0.0163925468291566,0.000310969458933415,0.07347661711396,0.208061588106782
"SAM000394_tp3",-0.0110704843664857,-0.00803133888614367,-0.0304044275170406,0.0114509688189126,-0.0140779297778986,-0.00761975256071051,0.00674099970387719
"SAM000395_tp1",-0.0112628275180414,-0.00840813301427423,-0.025383974092089,-0.000602706574023188,-0.00998271997805976,-0.0182451899254188,-0.0169037182911782
"SAM000395_tp2",-0.0125185698456044,-0.00576839390004303,-0.0106442895955204,0.0197764883906918,-0.00570306836757735,-0.0307083153911671,-0.0108940448166166
"SAM000396_tp1",0.000610913937062926,0.0746047590575878,-0.0199232584134275,-0.0357845192640223,0.00699401145759873,-0.00950766243313281,-0.00186929158102975
"SAM000396_tp2",-0.00472046363399865,0.0734913690457858,-0.0198430405630953,-0.0336624997201053,-0.00456013205139251,-0.0136536220800026,-0.0157528241865711
"SAM000397_tp1",-0.00131407418830263,-0.00706352726500275,-0.028039905889649,-0.0373318787720451,-0.00777150348672024,-0.0077448199229258,-0.016056548994694
"SAM000397_tp2",0.00252964284618449,-0.00795084178118716,0.0157540375036214,0.11082287112037,-0.00267597470723334,-0.0148942444537569,-0.0159267126263488
"SAM000397_tp3",0.00240788910776425,0.000907143788352367,-0.0325030866380532,-0.0329980494088498,-0.0145165509599137,-0.0113170281014203,-0.0116231281387568
"SAM000398_tp1",-0.0110704843664857,-0.0117610941468026,-0.00944112658998492,-0.0231783231580025,-0.0136360940463618,-0.0165077250446253,-0.0101945466523493
"SAM000398_tp2",-0.0109583784034638,-0.00738912834247874,0.0166929882033108,0.0147794610226676,-0.0145117592334116,-0.00572672389796482,-0.0209534510177466
"SAM000398_tp3",-0.00723672101304241,-0.00640572049928901,-0.00380407540776936,-0.0133290847913077,-0.0139055566364025,-0.00948704867763199,-0.0207114455832886
"SAM000399_tp1",-0.0114600202855413,0.0278440832847043,-0.0263191614821987,-0.0399807095497175,0.021903272732567,0.0223784741981683,0.0897549127346977
"SAM000400_tp1",-0.0105638700892556,-0.00706091925924002,0.0847490249119472,0.00713784018921783,0.0253238509284678,0.00855529429643664,-0.0215792944245008
"SAM000401_tp1",-0.00943465065389244,-0.0115010676560593,-0.0337909083942309,-0.00760365204005458,-0.0122926810689284,-0.03993845372622,0.0126298556395068
"SAM000403_tp1",-0.0110704843664857,-0.00712899860467917,-0.0253053697568064,-0.0489164163538901,-0.0110541944765597,0.0238603735049781,0.0141389203052488
"SAM000404_tp1",-0.0110704843664857,0.0298716598667604,0.00609245506216111,-0.00297832369276933,0.0628471073328003,0.722661449526408,0.030326428935089
"SAM000405_tp1",-0.0110704843664857,-0.00651904224518088,-0.0254101378210511,-0.0405096383679837,-0.00444656726113549,0.00513075280187348,-0.00316997195769527
"SAM000406_tp1",-0.0115002730542145,-0.0110560036211748,-0.0103643411120014,-0.0229916168176105,-0.0111622205893526,0.00395052251443831,-0.0091636307146964
"SAM000407_tp1",-0.0107417883279869,-0.00347274027646714,0.00423526030686881,-0.0262872453518958,-0.0151358068087981,-0.0334271632255856,-0.01425683738453
"SAM000407_tp2",-0.011221656836069,-0.00272022319152905,0.0528085884004228,0.0635641321999305,-0.00627885787909622,-0.0182282751420397,-0.0117945051881274
"SAM000407_tp3",-0.00995515218182255,-0.00780653414225103,-0.00394883831556309,0.030003289061683,-0.013235782046797,-0.0262954905636624,0.000493302702331025
"SAM000408_tp1",-0.0098969376314791,0.0133008333641267,0.0645657150118756,-0.0147733435635502,0.0782820463914484,0.0374462820576945,0.0365669987762689
"SAM000408_tp2",-0.00922676833636296,-0.00410086674521534,0.0343813676766988,0.0701371309423024,0.0033607647292018,-0.00649873448441329,-0.0117882481726088
"SAM000408_tp3",-0.0103825108989834,0.006812844849979,-0.0258988812018089,-0.0167691823704232,-0.00249077153357592,0.0363970155559458,-0.0158199307355512
"SAM000410_tp1",-0.0111072389526318,-0.00984654173163776,-0.0218116630290135,-0.0307087404508405,-0.0131205163047102,-0.0230272762351626,-0.00114686127571675
"SAM000410_tp2",-0.0116716439237806,-0.00926862818277368,0.0408037631137889,0.00341062859419714,-0.0100594203564253,0.00247460696459274,-0.0140588910119787
"SAM000410_tp3",-0.0115984515570932,-0.0103698128468619,0.01842589078244,0.00329679555386168,-0.0090807065891936,-0.0244071537189738,-0.0190437348378412
"SAM000411_tp1",0.00364880665089093,-3.109209949618e-05,0.0211520896906286,-0.0143222832365367,-0.00872815224310992,-0.0203788607190643,-0.0260597907194594
"SAM000411_tp2",0.0122460224733926,-0.00477641962400044,0.01722070894974,0.074481789819135,-0.00113881456670208,-0.00390819401504681,-0.00409755371725266
"SAM000411_tp3",0.0016243808670202,-0.0038611624462116,0.0233052309011447,0.0288911419633517,-0.00200353796520503,-0.0217136334338913,-0.0173785830988685
"SAM000412_tp1",-0.0112062515029449,0.00167984849270744,-0.0207515220181799,-0.0286473401202581,-0.00154255448277797,0.0106553855892113,-0.00591229974379657
"SAM000415_tp1",-0.0110704843664857,-0.00577198198768607,-0.0225345000682332,-0.0444303096604621,-0.00986935456859372,0.00110890888156731,0.0069517437587107
"SAM000416_tp1",-0.0110704843664857,-0.00868600491340684,-0.0197465556167316,-0.0252281980282807,-0.0151510493576883,-0.024743412249897,-0.0156085362785104
"SAM000417_tp1",-0.0110898187748707,-0.0091894763926296,-0.0274138372128424,-0.0243488883980408,-0.0153424605696226,-0.0156939763698526,-0.0191921770109802
"SAM000417_tp2",-0.01143040698126,-0.00639581028007462,-0.0133742679540634,0.0261314379885938,-0.00849779094010379,0.00789653083286895,-0.0112227497822878
"SAM000418_tp1",-0.0116220204789442,-0.010339991206156,-0.0225948717296286,-0.0262823363115392,-0.0143717601514035,-0.0129025997234833,-0.00311292928738876
"SAM000418_tp2",-0.0113678309016921,-0.00510599262222121,-0.000441011990291818,0.0219318095093547,-0.0139115857469731,-0.0206927129952103,-0.0179118788290709
"SAM000418_tp3",-0.0112654991407119,-0.009848841282067,-0.0201312149161177,-0.0198510981321682,-0.0103908465910876,-0.0186288550739796,-0.0225228352143826
"SAM000419_tp1",-0.0122117839810622,-0.00901864706411968,-0.0323910329615633,-0.0319549711199689,-0.0158260495627064,-0.0184545249987033,-0.014563797335902
"SAM000420_tp1",-0.00977983196660362,-0.0082346584474993,0.0364221667728198,-0.00373456152340349,0.0057753708001331,0.00956294763687011,-0.00887589429422692
"SAM000421_tp1",-0.00254566295087852,-0.00048270978651361,0.0210572395386696,-0.0297440277667264,0.0393514078550552,0.0742913395215786,0.0570474075611997
"SAM000422_tp1",-0.0110704843664857,0.00555608498701122,0.0802001626252125,-0.0353068332341733,0.0694656164158871,0.0617247581673763,0.00962984192493628
"SAM000422_tp2",-0.00993453351170696,-0.00341771762775559,0.031653954311487,0.153217962301557,0.0732648666465695,0.0469388199509221,0.0890770400474895
"SAM000422_tp3",-0.0123944447887569,-0.00240686017774061,0.171845441049629,-0.0300083028149052,0.049005266870167,0.114397586794616,0.00346433815033938
"SAM000424_tp1",-0.0116443458890482,-0.00911851996534502,-0.0304778749628817,-0.0333027198254943,-0.0129387906065912,-0.0283066823559671,-0.0185498532725791
"SAM000424_tp2",-0.0121055003781048,-0.00956899705960489,-0.0294939792736933,0.145956211731914,-0.0119011990140557,-0.0101308844599356,0.00138372711764237
"SAM000424_tp3",-0.0112438874084828,-0.00982697172523773,-0.0279411082121788,-0.02999943659138,-0.0131160170051093,-0.0133494635073084,-0.0196898101309719
"SAM000425_tp1",0.0188649176962047,-0.00771070025856137,0.00523014557474828,-0.00625107843883599,-0.00492014346577458,-0.0110190689377148,-0.0156562002367949
"SAM000426_tp1",-0.0018316752820647,-0.00977637851549629,-0.0240569729679319,-0.0342345398592256,-0.0149069359793875,-0.0238109369266934,-0.00978030480834743
"SAM000426_tp2",-0.00771165755778299,-0.00504315422376882,0.00910072773433714,0.00613119984465875,-0.0124266049738719,-0.0275820010259267,0.0251308937296046
"SAM000427_tp1",0.0042437609283313,-0.00398499127119302,0.0282393375678685,0.00681136044560019,-0.0103656298282742,-0.0181570626109272,-0.0247217531214676
"SAM000427_tp2",0.0124051660176476,-0.00736428365409234,0.106790293543325,0.108500924000352,-0.00760046383173466,-0.0237552034384408,-0.00712206030182718
"SAM000428_tp1",0.00328135754327261,-0.00869392501254312,-0.021330910092946,-0.0210626343379556,-0.0097228724356139,-0.0308870516093459,-0.0224418285697231
"SAM000428_tp2",-0.0061524960228516,-0.00145505908718655,0.0110766693960768,0.0232625543026848,-0.0104651109059732,-0.0187496829079903,-0.0168130046700513
"SAM000429_tp1",-0.0111378299263317,-0.00630929706956087,0.0178718349703655,-0.0273354677082545,-0.00943513417252041,-0.0459561941406018,-0.0237996469728331
"SAM000429_tp2",-0.0083457940246358,-0.00838009882298895,0.0536212827864534,0.0199622416726828,-0.0116716114297897,-0.0348892008533081,-0.0212220274809866
"SAM000429_tp3",-0.011077814388979,-0.0113278181987739,0.0178336552583841,-0.0253632310552362,-0.00619671885108889,-0.0343183650396933,-0.0247883950443738
"SAM000430_tp1",-0.00668711140806373,-0.00884324175065859,-0.00865450864379377,-0.023557119264523,-0.0117489763530556,-0.0367635861171388,-0.0241070557307891
"SAM000431_tp1",-0.0110156423210725,-0.00792765194836325,-0.0051883773722781,-0.0181656425574713,-0.0129293827006091,-0.0212174326775981,-0.0284888690592111
"SAM000431_tp2",-0.011164413144068,-0.00646296931913322,0.0175394151141429,0.0267606578599487,-0.00361311228681506,-0.0264554248293728,-0.0236888381806883
"SAM000433_tp1",-0.0115207129515714,-0.000262753468559002,0.000356824502137675,-0.0438719042258949,0.0150206300773761,-0.0105069183598878,-0.0161258733965881
"SAM000433_tp2",-0.0114665010257125,-0.00174866973258828,0.0173052816276402,0.00587789447233327,0.000170072981950282,-0.00693767117557762,-0.0156814320076325
"SAM000433_tp3",-0.000970755246497015,-0.00216679855433597,0.0770117921956168,0.0915049991069577,-0.00768542318058288,-0.010782876192095,-0.0263120427617792
"SAM000434_tp1",-0.0110704843664857,-0.0091501154613566,-0.00657179420268794,-0.019608148936423,0.00516899100940093,0.0421200946085797,0.0344586178653854
"SAM000434_tp2",-0.0110704843664857,-0.00205870050901178,0.0118818461596278,0.0679395348663974,0.00482924112211545,0.0793925203501972,0.0901496169746937
"SAM000434_tp3",-0.0110704843664857,-0.00679322424906769,-0.0313010497677844,-0.03680945957995,-0.014292362571762,0.00828038893753484,0.00607632076840593
"SAM000436_tp1",-0.0110736691346356,-0.00127879548045616,-0.00740448259635583,-0.0307678454713524,-0.000126483870835164,-0.0231044095451994,-0.0207433599606533
"SAM000436_tp2",-0.0110993003204685,-0.00397818625907811,0.0353983068583912,0.0020946538596316,0.00172177240827871,-0.0377639669294786,-0.0210806639456634
"SAM000439_tp1",-0.0110704843664857,0.0018223733586728,-0.0382324716021722,-0.0343742958987279,-0.0109575363210404,0.013154393455082,0.0602190779671378
"SAM000440_tp1",0.012915492229867,-0.00784319313115358,-0.013485031811131,0.00189326161588818,-0.013406861164583,-0.0271342504829269,-0.0143952638616599
"SAM000440_tp2",0.00859906158468497,-0.0100842235473858,-0.0157888887956237,0.0351960485706692,-0.0100964252347631,-0.0189709038217775,-0.00416193084423749
"SAM000444_tp1",-0.00399135232681077,-0.00645875266166339,-0.00393469861528632,-0.00754584803497373,-0.0102134442122423,-0.0493924198959701,-0.0143139522139241
"SAM000444_tp2",-0.00231355221381707,-0.00315160379785477,-0.0117048158287695,-0.00830976316784776,-0.0145624835928609,-0.0449714453569839,-0.0184288128918068
"SAM000445_tp1",0.0145887846755652,-0.00955991772827501,-0.0202210444086638,-0.0216877902817991,-0.012242972444041,-0.0152581024988519,-0.0189582743658801
"SAM000445_tp2",0.0242215470149685,-0.00962035959914991,-0.0156874153586013,0.00449514595441532,-0.0129673597437143,-0.0338074725193028,-0.0247015001715887
"SAM000446_tp1",0.0465067341953541,-0.00821716647588127,-0.00672929212476295,0.0394972276834879,-0.0151251226144928,-0.0471844245536031,-0.0203974494390506
"SAM000447_tp1",-0.0110704843664857,-0.00735666986455071,-0.0201729892809804,-0.029347190305811,-0.0109750159182083,0.00869589509578126,-0.0169569805154702
"SAM000447_tp2",-0.0110704843664857,0.000722026506031972,-0.000538790818067279,0.00932519531481855,-0.00857151711928009,-0.00699766778243856,0.006955774999588
"SAM000448_tp1",-0.0110704843664857,0.00575730473134217,0.0596594182340605,-0.00376426704539169,0.0638429204042362,0.106590682272091,-0.0206511134290512
"SAM000448_tp2",-0.0110704843664857,0.0041857078607843,0.0190460004966259,0.0450040233616414,0.0113966583754565,0.0367986298231286,0.00699342079442834
"SAM000450_tp1",-0.0115509498799059,-0.0066214662781454,0.00291988092862196,-0.0181765568878122,-0.0117197662891295,-0.0428086216840591,-0.0180002070312247
"SAM000451_tp1",-0.0110704843664857,0.00920637227445407,-0.0219685076114143,-0.0392840748400859,0.0305232076494448,0.0241005073079833,0.0225415552829432
"SAM000452_tp1",-0.0109773099501951,0.0453698731955011,-0.0190430578094121,-0.00410251214436315,-0.0155292041069971,-0.0161834887334999,-0.000886045758834549
"SAM000452_tp2",-0.0107566996436038,-0.00862623697751745,-0.0251625490151196,0.0597373553249523,-0.01586782031214,-0.0182806837696972,0.00848497472173707
"SAM000452_tp3",-0.0118742760710802,-0.00929564650343115,-0.0245960102288699,-0.0112546639811487,-0.0132933028607304,-0.00472596683391849,-0.00311782058349668
"SAM000462_tp1",-0.0115254478889371,-0.0107232749075332,-0.0279753125908076,-0.0242236280987543,-0.0105826560648066,0.00938018643153372,-0.00589612512622494
"SAM000462_tp2",-0.0110704843664857,-0.0084444528807896,-0.0324364427566854,0.0419998458097464,-0.0106315030013689,0.00684216164935251,0.0282608253557593
"SAM000463_tp1",-0.0110704843664857,-0.00105015322223627,-0.040972765924493,0.00242064366447735,0.00367345565187969,0.156683083949148,0.0478919129196503
"SAM000464_tp1",-0.0116315124670346,0.000536968530865394,-0.0317926637525166,0.0405368213469928,-0.00892120231126272,-0.000685435062914801,0.0543845517368574
"SAM000466_tp1",0.00630407372823938,-0.00963209706099779,-0.0233304874008163,0.0358064979486742,-0.0152904831217502,-0.0318415588622076,-0.0065653279083093
"SAM000466_tp2",0.00456135235239807,-0.00893211027055409,-0.0225955885833169,0.0513606585669141,-0.0130873267442942,-0.0311550221096014,-0.0121495852447234
"SAM000466_tp3",-0.00536324661641256,-0.0109843370307664,-0.0250652884239091,-0.00904691886885941,-0.0140208697748051,-0.0431260054840531,-0.0128112508606617
"SAM000470_tp1",-0.0110458527079787,0.00259885156298066,0.00188168906581466,-0.0058150796049907,0.00949597452202474,0.0244339839276537,0.0258589640872304
"SAM000470_tp2",-0.00943397146534532,-0.00533359242937877,0.0210584826905531,0.065175257744305,0.00533458783174823,0.0160576047907657,0.0472464441806627
"SAM000471_tp1",-0.011162202316969,0.00108235200280207,0.00559160434699507,-0.0345072709109,-0.00532972869348386,0.0280194363472095,0.000434470666489962
"SAM000471_tp3",-0.0110704843664857,0.0445416308251093,0.0676919987781886,0.00839075279684503,0.038471448706272,0.0325432989204155,-0.00365347348836623
"SAM000475_tp1",-0.00228050363252648,-0.00733969448140205,-0.000225147239985307,-0.000869248573531813,-0.00754040506560649,0.0287612638334233,-0.00653726591814001
"SAM000475_tp2",-0.00132578876625411,-0.0047357662487014,0.0178409630146815,0.0251945116248716,-0.00845574917270017,-0.00412693063208547,-0.0179505304414318
"SAM000476_tp1",-0.0111084656768748,0.00155223665765581,-0.0246730429783634,-0.0295519833212258,0.0333012652639048,0.0269427619028134,-0.00653026076747178
"SAM000476_tp2",-0.011241437331929,0.003466166661616,-0.0205581311464067,0.00731312459716622,0.00262131182645336,0.000931304484818283,0.00501261381268322
"SAM000476_tp3",-0.0110761461766844,0.0182219098913022,-0.0325819028054178,-0.0251430795522127,-0.00973670778142367,-0.0117423364914445,0.000458703449024397
"SAM000477_tp1",-0.0110704843664857,-0.00612308656126558,-0.0349903995167462,-0.0322008143005158,-0.000574295150616622,0.0680931071642705,0.0417319154520477
"SAM000481_tp1",-0.0110909578774714,-0.00856578030693384,-0.0268688099216134,-0.035061808726934,-0.0140361757182668,-0.00551329299017651,0.0024480332182899
"SAM000481_tp2",-0.0110704843664857,0.00693486001935993,-0.0272919609825425,0.19119368564162,0.0267580121325833,0.0218880095794214,0.0481258102382618
"SAM000481_tp3",-0.0110704843664857,0.0316089147907988,-0.0462710646848932,-0.0198134804532832,-0.0153424605696226,0.0111285320424777,-0.0195703162162179
"SAM000484_tp1",-0.010350881438655,-0.0110004523607378,-0.016221380676721,-0.0386260956185961,-0.0112205465430734,0.00262148934272079,-0.00854876906778628
"SAM000484_tp2",0.000566656440455753,-0.00805877495661686,-0.00480232627641458,0.0188261880463976,-0.00994844830396647,0.00810901865789642,0.00500310633806832
"SAM000484_tp3",-0.00500453110156013,-0.0104987538844642,-0.0196755254683204,-0.0119864124201746,-0.00831544872886798,9.99220746586475e-06,-0.00187924553353874
"SAM000485_tp1",-0.00330525325248075,-0.00873806787068046,-0.00903265077195907,-0.0101813011088292,0.0112237040876628,-0.023279980324612,-0.013580031942971
"SAM000485_tp2",-0.00864145367453217,-0.00384781640220392,-0.00110986041922446,0.191338900166545,-0.00539283137075187,-0.0183879737830314,0.00858286215268914
"SAM000485_tp3",-0.00681987119378491,-0.0100481474164458,-0.0271858671335388,-0.00326847292386641,-0.0117564696786284,-0.0198692050197258,-0.00638226016517759
"SAM000487_tp1",0.00131103513702779,-0.00682664363742717,0.020964900030662,-0.000820028285819455,-0.00871189319150673,0.0529583569287281,0.0926876648477872
"SAM000490_tp1",0.0375693738642221,-0.00739397885529825,-0.0276573275226417,-0.0277415748932948,-0.0127800465044798,-0.0206541588309266,-0.01071485884569
"SAM000491_tp1",-0.00957612956876618,-0.00872392492450501,-0.0217639396131637,-0.0168249158330875,-0.0119974437151494,-0.00989737276016416,-0.0238376097379259
"SAM000491_tp2",-0.0110704843664857,-0.00124187587261215,0.016880183300263,-0.0240969357114806,-0.0101649606641933,-0.018603480895924,-0.0293789265098713
"SAM000495_tp1",-0.0111331585827862,-0.0053558449996334,-0.0242911987718349,-0.013723729839091,-0.0153424605696226,-0.0214573964123053,-0.0302885140360155
"SAM000495_tp2",-0.0111632639067253,-0.00713273324675219,-0.00332774792260616,0.159465576198633,-0.0153424605696226,-0.0224376325841084,-0.00769460339466005
"SAM000496_tp1",0.00333944021005992,-0.0058569468855431,-0.0158524963226081,-0.0118818616689257,-0.0153424605696226,-0.0285198175260958,-0.00984658782475022
"SAM000496_tp2",0.0133475246028013,-0.00461670587844609,-0.00858087021329742,0.0457379849470182,-0.0150163508093377,-0.0185745362278885,-0.0197225657270611
"SAM000497_tp1",-0.0025012038277578,-0.00891784028010767,0.0657041445269333,0.0247595160632719,-0.00674450553173799,-0.0331360180712215,-0.0227737182662091
"SAM000497_tp2",-0.0113659735512343,-0.00449065029262721,0.0252521338042054,0.119788895226963,-0.0107110315552205,-0.0455667548278322,-0.0236261096241267
"SAM000497_tp3",-0.0110764292670878,0.0167330881855842,0.0895195157936852,0.0955837908275217,0.0320448437910216,-0.0154499842463192,-0.015583745230405
"SAM000498_tp1",0.00190550608543764,-0.00930178410168555,-0.0260151789302494,-0.0305248663802518,-0.0153133379055033,-0.0132160029119957,-0.0102239883933515
"SAM000498_tp2",0.000177738207785246,-0.00463821471636322,-0.0082703164224363,0.0784929164583175,-0.0148795389885633,-0.0162248037495404,-0.01112869327929
"SAM000498_tp3",0.00202954858927365,-0.00885361577454149,-0.0242191430121299,-0.0107640811562229,-0.0151026014223153,-0.0134217914135455,-0.0160177098063456
"SAM000499_tp1",-0.011123263895277,-0.0036030235203782,0.329098311862166,0.0187861430955603,0.0535453804843153,0.0253288149153229,-0.0206619627283565
"SAM000499_tp2",-0.0112099165482971,-0.00857068243735849,0.109692717485878,0.105823130496524,0.0337907829474545,-0.0143002290905242,-0.0262440346033884
"SAM000499_tp3",-0.0110231804742296,-0.00973003179581576,-0.0141788953870301,-0.019836366757478,-0.0121557696239454,-0.0182212475837231,-0.0205274055782631
"SAM000500_tp1",-0.00176447698758398,-7.3156718376294e-05,0.0513253399022519,0.0336749505640785,-0.0047517172813015,-0.0145473295960116,0.0387317522102852
"SAM000501_tp1",0.0293808877391492,-0.00560068765826196,-0.0120801908121564,-0.028003453732107,-0.010867263516371,-0.0183325298690424,-0.0130291887729498
"SAM000501_tp2",0.0164700894931185,-0.00812980753216252,-0.00937694207462213,0.0216854103647397,-0.0150557094187095,-0.0190135442224576,0.00337399464719581
"SAM000502_tp1",-0.0110704843664857,-0.00458693497078416,-0.0175999122801177,-0.00512353484979428,0.0024002107605826,0.0237038131116337,0.000408458873830701
"SAM000515_tp1",-0.0110704843664857,-0.00582277886419406,-0.00612600949885764,-0.0211820640002015,-0.0124361127384065,0.024689313672379,-0.00564764004707843
"SAM000515_tp2",-0.0110704843664857,-0.00445632198218784,0.0145114880865301,0.0805446570080218,0.00381387305365261,0.0617283987364643,0.012655801472035
"SAM000518_tp1",-0.0110704843664857,-0.00163582480523931,-0.0309731306976157,-0.0271169115773878,-0.00447826348857536,0.014322804599855,0.021203307340994
"SAM000518_tp2",-0.0110704843664857,-0.00488648328109646,0.0242354579058151,0.0520054874703199,0.0107389253936667,0.0353992004520217,0.0381887494064471
"SAM000523_tp1",-0.00891597971457025,-0.00864846729927405,0.0188528075241492,-0.0205180863432984,-0.00943931657465651,-0.0563144036265943,-0.0249480937019465
"SAM000523_tp2",-0.0110704843664857,0.0123188336026682,-0.0188221355524678,0.0512225715538978,-0.00633520513536958,-0.0143906291713289,0.00643441272862845
"SAM000524_tp1",-0.0120417847601345,-0.00805591607109551,-0.0198904686039536,0.067858276226051,-0.0145941019566965,-0.00894990678742439,-0.0159217824449615
"SAM000524_tp2",-0.0112085078411929,-0.00557188405278941,-0.0162393712624222,0.160776853497772,-0.0149715018194554,-0.0124827352028919,0.00863991316338836
"SAM000526_tp1",-0.0111560950907418,-0.00451524177519118,0.00476299913274104,0.0182900139954103,0.00387882408171142,-0.00427313017139141,0.011322140318696
"SAM000526_tp2",-0.0109297349256248,-0.0078108364320353,-0.0277186866502901,0.0630998309903272,-0.010133581723703,-0.00458566434953436,0.0082145072814612
"SAM000527_tp1",0.186131326160828,0.0378082357013931,-0.00322536616460716,-0.0128536691178899,-0.0145548364168461,-0.0292877359713355,-0.0188147445737359
"SAM000529_tp1",0.0476649444290245,-0.00632171190405766,-0.0121771340304448,-0.0301366460311329,-0.0153634461761277,-0.0183373122173535,-0.0185775374606769
"SAM000529_tp2",0.0337889472142599,-0.00713492249648895,0.0112938042351742,0.0259485456945155,-0.015420055651137,-0.0210049705550177,-0.01119924096199
"SAM000530_tp1",-0.0110704843664857,-0.00322801947787539,-0.0130972849766677,-0.0204906406735752,0.00898978758930366,0.07546355258711,0.0735042410748238
"SAM000530_tp2",-0.0110625145025515,-0.00119334251886873,-0.0161919842950699,-0.000523482000219172,0.00739482756612047,0.0742462716147577,0.073552062784664
"SAM000535_tp1",-0.0109529831671788,-0.0075779511046655,-0.0222880785882057,-0.0166162291452684,-0.00383548926698929,0.00524663722167945,0.0225816238585923
"SAM000536_tp1",-0.0110826782186463,-0.00584759908412957,-0.00741347787850956,-0.0191161119994822,-0.00662799065965594,-0.0309221721682346,-0.0195555438501523
"SAM000536_tp2",-0.00998307154789197,-0.00906024381962761,-0.0179820296392708,0.0337989788017811,-0.0127382708355402,-0.028442627196626,-0.00801946696237118
"SAM000537_tp1",0.111632517660276,-0.00811492435715089,-0.0245344743690737,-0.0271321994649873,-0.0138935991383768,-0.0163796151288657,-0.0215205201940512
"SAM000537_tp2",0.0801593439848128,-0.00822172135260327,-0.0271716475966042,-0.0325241788481123,-0.0153879375177491,-0.0163289331505252,-0.0211426896116966
"SAM000538_tp1",-0.00695355750619296,-0.00716763989829998,0.0597490658133237,-0.0291491747550264,0.00349676720574753,0.00406777742845788,-0.0403650209669388
"SAM000538_tp2",-0.00991075035817972,-0.00726467338743483,0.0292749138471529,0.0680222173105753,0.0198813152066403,0.00729282815840101,-0.0238584216892644
"SAM000539_tp1",-0.011084646322319,-0.00690437383561128,-0.0211283341503467,-0.0256517299911555,-0.000589563467949348,0.00327893578022874,0.00615404811501404
"SAM000553_tp1",-0.00505607423087735,-0.00921380125659302,0.00691006451696177,-0.0212426408118718,-0.00813031987107644,-0.0170462222179736,-0.0095399370815536
